CompanyID,CompanyName,Listing,CategoryName,Product,Subproduct
FC4JC6,Motorola Solutions,American-Made Apparel,Apparel Blanks,American-Made Apparel,
FMAA1S,Vistra Energy,American-Made Apparel,Apparel Blanks,American-Made Apparel,
BQZ9W8,NGL Energy Partners,American-Made Apparel,Apparel Blanks,American-Made Apparel,
4T8X59,Northern Trust,American-Made Apparel,Apparel Blanks,American-Made Apparel,
6EQ056,Jones Lang LaSalle,American-Made Apparel,Apparel Blanks,American-Made Apparel,
DTQABY,Sempra Energy,American-Made Apparel,Apparel Blanks,American-Made Apparel,
2GLE0W,Baxter International,American-Made Apparel,Apparel Blanks,American-Made Apparel,
XWZPTY,Union Pacific,American-Made Apparel,Apparel Blanks,American-Made Apparel,
ASS3WY,Assurant,"Animal, Pet, K-9 Apparel",Apparel Blanks,"Animal, Pet, K-9 Apparel",
SAUFD1,Biogen,"Animal, Pet, K-9 Apparel",Apparel Blanks,"Animal, Pet, K-9 Apparel",
T71U4B,Best Buy,"Animal, Pet, K-9 Apparel",Apparel Blanks,"Animal, Pet, K-9 Apparel",
1SBQZ9,Huntsman,"Animal, Pet, K-9 Apparel",Apparel Blanks,"Animal, Pet, K-9 Apparel",
W8Y1JB,HCA Healthcare,"Animal, Pet, K-9 Apparel",Apparel Blanks,"Animal, Pet, K-9 Apparel",
95HFVA,Hanesbrands,"Animal, Pet, K-9 Apparel",Apparel Blanks,"Animal, Pet, K-9 Apparel",
RVT13D,Navistar International,"Aprons, Smocks",Apparel Blanks,"Aprons, Smocks",
ST063N,MetLife,"Aprons, Smocks",Apparel Blanks,"Aprons, Smocks",
YBP2YR,Molina Healthcare,"Aprons, Smocks",Apparel Blanks,"Aprons, Smocks",
DJKIMC,Cisco Systems,"Aprons, Smocks",Apparel Blanks,"Aprons, Smocks",
7CX65G,Laboratory Corp. of America,"Aprons, Smocks",Apparel Blanks,"Aprons, Smocks",
4L5QFC,Olin,"Aprons, Smocks",Apparel Blanks,"Aprons, Smocks",
4JC6FM,Steel Dynamics,"Aprons, Smocks",Apparel Blanks,"Aprons, Smocks",
AA1SBQ,Apple,"Aprons, Smocks",Apparel Blanks,"Aprons, Smocks",
Z9W8Y1,A-Mark Precious Metals,Baseball Uniforms,Apparel Blanks,Athletic Wear,Baseball Uniforms
K8GKHP,Interpublic Group,Baseball Uniforms,Apparel Blanks,Athletic Wear,Baseball Uniforms
12HIO5,KeyCorp,Baseball Uniforms,Apparel Blanks,Athletic Wear,Baseball Uniforms
RCN9ER,Jabil,Baseball Uniforms,Apparel Blanks,Athletic Wear,Baseball Uniforms
XPB887,HollyFrontier,Baseball Uniforms,Apparel Blanks,Athletic Wear,Baseball Uniforms
FW72RE,Chesapeake Energy,Basketball Uniforms,Apparel Blanks,Athletic Wear,Basketball Uniforms
GUEHRY,Valero Energy,Basketball Uniforms,Apparel Blanks,Athletic Wear,Basketball Uniforms
CMD3M2,Aflac,Basketball Uniforms,Apparel Blanks,Athletic Wear,Basketball Uniforms
1K7JAC,Toll Brothers,Basketball Uniforms,Apparel Blanks,Athletic Wear,Basketball Uniforms
UDKGTR,LKQ,Basketball Uniforms,Apparel Blanks,Athletic Wear,Basketball Uniforms
7M3XV3,WEC Energy Group,Basketball Uniforms,Apparel Blanks,Athletic Wear,Basketball Uniforms
EP3V1I,Activision Blizzard,Basketball Uniforms,Apparel Blanks,Athletic Wear,Basketball Uniforms
EZ0M04,Textron,Bowling Shirts,Apparel Blanks,Athletic Wear,Bowling Shirts
A2OVVU,Microsoft,Bowling Shirts,Apparel Blanks,Athletic Wear,Bowling Shirts
BY2GLE,Bed Bath & Beyond,Bowling Shirts,Apparel Blanks,Athletic Wear,Bowling Shirts
0WXWZP,Anadarko Petroleum,Bowling Shirts,Apparel Blanks,Athletic Wear,Bowling Shirts
TYASS3,USAA,Bowling Shirts,Apparel Blanks,Athletic Wear,Bowling Shirts
WYSAUF,Icahn Enterprises,Cheerleader Uniforms,Apparel Blanks,Athletic Wear,Cheerleader Uniforms
VARVT1,Avis Budget Group,Cheerleader Uniforms,Apparel Blanks,Athletic Wear,Cheerleader Uniforms
3DST06,Yum China Holdings,Cheerleader Uniforms,Apparel Blanks,Athletic Wear,Cheerleader Uniforms
2GLE0W,Baxter International,Football Uniforms,Apparel Blanks,Athletic Wear,Football Uniforms
XWZPTY,Union Pacific,Football Uniforms,Apparel Blanks,Athletic Wear,Football Uniforms
ASS3WY,Assurant,Football Uniforms,Apparel Blanks,Athletic Wear,Football Uniforms
SAUFD1,Biogen,Football Uniforms,Apparel Blanks,Athletic Wear,Football Uniforms
T71U4B,Best Buy,Football Uniforms,Apparel Blanks,Athletic Wear,Football Uniforms
ZZQQ9F,XPO Logistics,Hockey Uniforms,Apparel Blanks,Athletic Wear,Hockey Uniforms
BO6OWS,Danaher,Precurved-Visor Caps,Apparel Blanks,"Caps, Headwear",Precurved-Visor Caps
4T8X59,Northern Trust,Precurved-Visor Caps,Apparel Blanks,"Caps, Headwear",Precurved-Visor Caps
6EQ056,Jones Lang LaSalle,Precurved-Visor Caps,Apparel Blanks,"Caps, Headwear",Precurved-Visor Caps
DTQABY,Sempra Energy,Precurved-Visor Caps,Apparel Blanks,"Caps, Headwear",Precurved-Visor Caps
2GLE0W,Baxter International,Precurved-Visor Caps,Apparel Blanks,"Caps, Headwear",Precurved-Visor Caps
XWZPTY,Union Pacific,Precurved-Visor Caps,Apparel Blanks,"Caps, Headwear",Precurved-Visor Caps
ASS3WY,Assurant,Precurved-Visor Caps,Apparel Blanks,"Caps, Headwear",Precurved-Visor Caps
SAUFD1,Biogen,Precurved-Visor Caps,Apparel Blanks,"Caps, Headwear",Precurved-Visor Caps
T71U4B,Best Buy,Precurved-Visor Caps,Apparel Blanks,"Caps, Headwear",Precurved-Visor Caps
Y1JB95,Nike,Visors,Apparel Blanks,"Caps, Headwear",Visors
HFVARV,Kohl's,Visors,Apparel Blanks,"Caps, Headwear",Visors
T13DST,AES,Visors,Apparel Blanks,"Caps, Headwear",Visors
063NYB,Western & Southern Financial Group,Visors,Apparel Blanks,"Caps, Headwear",Visors
P2YRDJ,Citigroup,Visors,Apparel Blanks,"Caps, Headwear",Visors
KIMC7C,Fiserv,Visors,Apparel Blanks,"Caps, Headwear",Visors
X65GJL,EOG Resources,Visors,Apparel Blanks,"Caps, Headwear",Visors
FW72RE,Chesapeake Energy,Children's Apparel,Apparel Blanks,Children's Apparel,
GUEHRY,Valero Energy,Children's Apparel,Apparel Blanks,Children's Apparel,
95HFVA,Hanesbrands,Children's Apparel,Apparel Blanks,Children's Apparel,
RVT13D,Navistar International,Children's Apparel,Apparel Blanks,Children's Apparel,
ST063N,MetLife,Children's Apparel,Apparel Blanks,Children's Apparel,
YBP2YR,Molina Healthcare,Children's Apparel,Apparel Blanks,Children's Apparel,
DJKIMC,Cisco Systems,Children's Apparel,Apparel Blanks,Children's Apparel,
7CX65G,Laboratory Corp. of America,Children's Apparel,Apparel Blanks,Children's Apparel,
JLFW72,Harley-Davidson,Children's Apparel,Apparel Blanks,Children's Apparel,
REGUEH,CDW,Children's Apparel,Apparel Blanks,Children's Apparel,
RYCMD3,Aramark,Children's Apparel,Apparel Blanks,Children's Apparel,
M21K7J,Western Union,Children's Apparel,Apparel Blanks,Children's Apparel,
ACUDKG,Darden Restaurants,Children's Apparel,Apparel Blanks,Children's Apparel,
FC4JC6,Motorola Solutions,Children's Apparel,Apparel Blanks,Children's Apparel,
FMAA1S,Vistra Energy,Children's Apparel,Apparel Blanks,Children's Apparel,
BQZ9W8,NGL Energy Partners,Closeouts,Apparel Blanks,Closeouts,
Y1JB95,Nike,Closeouts,Apparel Blanks,Closeouts,
HFVARV,Kohl's,Closeouts,Apparel Blanks,Closeouts,
T13DST,AES,Closeouts,Apparel Blanks,Closeouts,
063NYB,Western & Southern Financial Group,Closeouts,Apparel Blanks,Closeouts,
P2YRDJ,Citigroup,Closeouts,Apparel Blanks,Closeouts,
87B0V0,Arconic,Closeouts,Apparel Blanks,Closeouts,
L4U579,Freeport-McMoRan,Closeouts,Apparel Blanks,Closeouts,
4L5QFC,Olin,Closeouts,Apparel Blanks,Closeouts,
4JC6FM,Steel Dynamics,Denim Dresses,Apparel Blanks,Denim Apparel,Denim Dresses
AA1SBQ,Apple,Denim Dresses,Apparel Blanks,Denim Apparel,Denim Dresses
Z9W8Y1,A-Mark Precious Metals,Denim Dresses,Apparel Blanks,Denim Apparel,Denim Dresses
JB95HF,DISH Network,Denim Dresses,Apparel Blanks,Denim Apparel,Denim Dresses
VARVT1,Avis Budget Group,Denim Dresses,Apparel Blanks,Denim Apparel,Denim Dresses
BQZ9W8,NGL Energy Partners,Denim Shirts,Apparel Blanks,Denim Apparel,Denim Shirts
Y1JB95,Nike,Denim Shirts,Apparel Blanks,Denim Apparel,Denim Shirts
6EQ056,Jones Lang LaSalle,"1/4-,1/2-Zip Fleece",Apparel Blanks,"Fleecewear, Sweats","1/4-,1/2-Zip Fleece"
DTQABY,Sempra Energy,"1/4-,1/2-Zip Fleece",Apparel Blanks,"Fleecewear, Sweats","1/4-,1/2-Zip Fleece"
2GLE0W,Baxter International,"1/4-,1/2-Zip Fleece",Apparel Blanks,"Fleecewear, Sweats","1/4-,1/2-Zip Fleece"
XWZPTY,Union Pacific,"1/4-,1/2-Zip Fleece",Apparel Blanks,"Fleecewear, Sweats","1/4-,1/2-Zip Fleece"
ASS3WY,Assurant,"1/4-,1/2-Zip Fleece",Apparel Blanks,"Fleecewear, Sweats","1/4-,1/2-Zip Fleece"
FC4JC6,Motorola Solutions,"1/4-,1/2-Zip Fleece",Apparel Blanks,"Fleecewear, Sweats","1/4-,1/2-Zip Fleece"
FMAA1S,Vistra Energy,"1/4-,1/2-Zip Fleece",Apparel Blanks,"Fleecewear, Sweats","1/4-,1/2-Zip Fleece"
BQZ9W8,NGL Energy Partners,Canton Fleece,Apparel Blanks,"Fleecewear, Sweats",Canton Fleece
Y1JB95,Nike,Canton Fleece,Apparel Blanks,"Fleecewear, Sweats",Canton Fleece
HFVARV,Kohl's,Canton Fleece,Apparel Blanks,"Fleecewear, Sweats",Canton Fleece
T13DST,AES,Canton Fleece,Apparel Blanks,"Fleecewear, Sweats",Canton Fleece
063NYB,Western & Southern Financial Group,Canton Fleece,Apparel Blanks,"Fleecewear, Sweats",Canton Fleece
P2YRDJ,Citigroup,Canton Fleece,Apparel Blanks,"Fleecewear, Sweats",Canton Fleece
KIMC7C,Fiserv,Canton Fleece,Apparel Blanks,"Fleecewear, Sweats",Canton Fleece
X65GJL,EOG Resources,Canton Fleece,Apparel Blanks,"Fleecewear, Sweats",Canton Fleece
FW72RE,Chesapeake Energy,Cardigans (Fleece),Apparel Blanks,"Fleecewear, Sweats",Cardigans (Fleece)
GUEHRY,Valero Energy,Cardigans (Fleece),Apparel Blanks,"Fleecewear, Sweats",Cardigans (Fleece)
CMD3M2,Aflac,Cardigans (Fleece),Apparel Blanks,"Fleecewear, Sweats",Cardigans (Fleece)
1K7JAC,Toll Brothers,Cardigans (Fleece),Apparel Blanks,"Fleecewear, Sweats",Cardigans (Fleece)
UDKGTR,LKQ,Cardigans (Fleece),Apparel Blanks,"Fleecewear, Sweats",Cardigans (Fleece)
7M3XV3,WEC Energy Group,Cardigans (Fleece),Apparel Blanks,"Fleecewear, Sweats",Cardigans (Fleece)
EP3V1I,Activision Blizzard,Cardigans (Fleece),Apparel Blanks,"Fleecewear, Sweats",Cardigans (Fleece)
EZ0M04,Textron,Cardigans (Fleece),Apparel Blanks,"Fleecewear, Sweats",Cardigans (Fleece)
A2OVVU,Microsoft,Cardigans (Fleece),Apparel Blanks,"Fleecewear, Sweats",Cardigans (Fleece)
XDIN8H,Dean Foods,Cardigans (Fleece),Apparel Blanks,"Fleecewear, Sweats",Cardigans (Fleece)
HSUWQ8,Tenneco,Cardigans (Fleece),Apparel Blanks,"Fleecewear, Sweats",Cardigans (Fleece)
ID2QR5,Principal Financial,Cardigans (Fleece),Apparel Blanks,"Fleecewear, Sweats",Cardigans (Fleece)
PS20OX,News Corp.,Cardigans (Fleece),Apparel Blanks,"Fleecewear, Sweats",Cardigans (Fleece)
FFX3CW,Fortive,Cardigans (Fleece),Apparel Blanks,"Fleecewear, Sweats",Cardigans (Fleece)
9VBO6O,Ally Financial,Cardigans (Fleece),Apparel Blanks,"Fleecewear, Sweats",Cardigans (Fleece)
WS4T8X,Mastercard,Cardigans (Fleece),Apparel Blanks,"Fleecewear, Sweats",Cardigans (Fleece)
596EQ0,Phillips 66,Cardigans (Fleece),Apparel Blanks,"Fleecewear, Sweats",Cardigans (Fleece)
56DTQA,Broadcom,Cardigans (Fleece),Apparel Blanks,"Fleecewear, Sweats",Cardigans (Fleece)
BY2GLE,Bed Bath & Beyond,"Children's, Infants', Youth Fleecewear",Apparel Blanks,"Fleecewear, Sweats","Children's, Infants', Youth Fleecewear"
0WXWZP,Anadarko Petroleum,"Children's, Infants', Youth Fleecewear",Apparel Blanks,"Fleecewear, Sweats","Children's, Infants', Youth Fleecewear"
TYASS3,USAA,"Children's, Infants', Youth Fleecewear",Apparel Blanks,"Fleecewear, Sweats","Children's, Infants', Youth Fleecewear"
1SBQZ9,Huntsman,"Children's, Infants', Youth Fleecewear",Apparel Blanks,"Fleecewear, Sweats","Children's, Infants', Youth Fleecewear"
W8Y1JB,HCA Healthcare,"Children's, Infants', Youth Fleecewear",Apparel Blanks,"Fleecewear, Sweats","Children's, Infants', Youth Fleecewear"
95HFVA,Hanesbrands,"Children's, Infants', Youth Fleecewear",Apparel Blanks,"Fleecewear, Sweats","Children's, Infants', Youth Fleecewear"
RVT13D,Navistar International,"Children's, Infants', Youth Fleecewear",Apparel Blanks,"Fleecewear, Sweats","Children's, Infants', Youth Fleecewear"
ST063N,MetLife,"Children's, Infants', Youth Fleecewear",Apparel Blanks,"Fleecewear, Sweats","Children's, Infants', Youth Fleecewear"
YBP2YR,Molina Healthcare,Crew-Neck Sweats,Apparel Blanks,"Fleecewear, Sweats",Crew-Neck Sweats
DJKIMC,Cisco Systems,Crew-Neck Sweats,Apparel Blanks,"Fleecewear, Sweats",Crew-Neck Sweats
7CX65G,Laboratory Corp. of America,Crew-Neck Sweats,Apparel Blanks,"Fleecewear, Sweats",Crew-Neck Sweats
JLFW72,Harley-Davidson,Crew-Neck Sweats,Apparel Blanks,"Fleecewear, Sweats",Crew-Neck Sweats
0M04A2,Publix Super Markets,Crew-Neck Sweats,Apparel Blanks,"Fleecewear, Sweats",Crew-Neck Sweats
OVVUXD,Peabody Energy,Crew-Neck Sweats,Apparel Blanks,"Fleecewear, Sweats",Crew-Neck Sweats
IN8HHS,Arthur J. Gallagher,Crew-Neck Sweats,Apparel Blanks,"Fleecewear, Sweats",Crew-Neck Sweats
UWQ8ID,Caterpillar,Crew-Neck Sweats,Apparel Blanks,"Fleecewear, Sweats",Crew-Neck Sweats
2QR5PS,United States Steel,Crew-Neck Sweats,Apparel Blanks,"Fleecewear, Sweats",Crew-Neck Sweats
20OXFF,Qurate Retail,Crew-Neck Sweats,Apparel Blanks,"Fleecewear, Sweats",Crew-Neck Sweats
X3CW9V,Zimmer Biomet Holdings,Crew-Neck Sweats,Apparel Blanks,"Fleecewear, Sweats",Crew-Neck Sweats
BO6OWS,Danaher,Crew-Neck Sweats,Apparel Blanks,"Fleecewear, Sweats",Crew-Neck Sweats
4T8X59,Northern Trust,Crew-Neck Sweats,Apparel Blanks,"Fleecewear, Sweats",Crew-Neck Sweats
6EQ056,Jones Lang LaSalle,Crew-Neck Sweats,Apparel Blanks,"Fleecewear, Sweats",Crew-Neck Sweats
DTQABY,Sempra Energy,Crop Tops (Fleece),Apparel Blanks,"Fleecewear, Sweats",Crop Tops (Fleece)
2GLE0W,Baxter International,Crop Tops (Fleece),Apparel Blanks,"Fleecewear, Sweats",Crop Tops (Fleece)
XWZPTY,Union Pacific,Crop Tops (Fleece),Apparel Blanks,"Fleecewear, Sweats",Crop Tops (Fleece)
ASS3WY,Assurant,Crop Tops (Fleece),Apparel Blanks,"Fleecewear, Sweats",Crop Tops (Fleece)
SAUFD1,Biogen,Crop Tops (Fleece),Apparel Blanks,"Fleecewear, Sweats",Crop Tops (Fleece)
T71U4B,Best Buy,Crop Tops (Fleece),Apparel Blanks,"Fleecewear, Sweats",Crop Tops (Fleece)
ZZQQ9F,XPO Logistics,Crop Tops (Fleece),Apparel Blanks,"Fleecewear, Sweats",Crop Tops (Fleece)
N7L6NZ,Asbury Automotive Group,Crop Tops (Fleece),Apparel Blanks,"Fleecewear, Sweats",Crop Tops (Fleece)
8ZYT64,Whirlpool,Crop Tops (Fleece),Apparel Blanks,"Fleecewear, Sweats",Crop Tops (Fleece)
K8GKHP,Interpublic Group,Crop Tops (Fleece),Apparel Blanks,"Fleecewear, Sweats",Crop Tops (Fleece)
12HIO5,KeyCorp,Crop Tops (Fleece),Apparel Blanks,"Fleecewear, Sweats",Crop Tops (Fleece)
RCN9ER,Jabil,Crop Tops (Fleece),Apparel Blanks,"Fleecewear, Sweats",Crop Tops (Fleece)
XPB887,HollyFrontier,Crop Tops (Fleece),Apparel Blanks,"Fleecewear, Sweats",Crop Tops (Fleece)
B0V0L4,Alphabet,Crop Tops (Fleece),Apparel Blanks,"Fleecewear, Sweats",Crop Tops (Fleece)
U5794L,Raytheon,Crop Tops (Fleece),Apparel Blanks,"Fleecewear, Sweats",Crop Tops (Fleece)
5QFC4J,Eversource Energy,Crop Tops (Fleece),Apparel Blanks,"Fleecewear, Sweats",Crop Tops (Fleece)
C6FMAA,Mondelez International,Crop Tops (Fleece),Apparel Blanks,"Fleecewear, Sweats",Crop Tops (Fleece)
1SBQZ9,Huntsman,Crop Tops (Fleece),Apparel Blanks,"Fleecewear, Sweats",Crop Tops (Fleece)
W8Y1JB,HCA Healthcare,Crop Tops (Fleece),Apparel Blanks,"Fleecewear, Sweats",Crop Tops (Fleece)
95HFVA,Hanesbrands,Dresses (Fleece),Apparel Blanks,"Fleecewear, Sweats",Dresses (Fleece)
RVT13D,Navistar International,Dresses (Fleece),Apparel Blanks,"Fleecewear, Sweats",Dresses (Fleece)
ST063N,MetLife,Dresses (Fleece),Apparel Blanks,"Fleecewear, Sweats",Dresses (Fleece)
YBP2YR,Molina Healthcare,Dresses (Fleece),Apparel Blanks,"Fleecewear, Sweats",Dresses (Fleece)
DJKIMC,Cisco Systems,Dresses (Fleece),Apparel Blanks,"Fleecewear, Sweats",Dresses (Fleece)
7CX65G,Laboratory Corp. of America,Dresses (Fleece),Apparel Blanks,"Fleecewear, Sweats",Dresses (Fleece)
JLFW72,Harley-Davidson,Dresses (Fleece),Apparel Blanks,"Fleecewear, Sweats",Dresses (Fleece)
REGUEH,CDW,Dresses (Fleece),Apparel Blanks,"Fleecewear, Sweats",Dresses (Fleece)
RYCMD3,Aramark,Fashion Fleece,Apparel Blanks,"Fleecewear, Sweats",Fashion Fleece
M21K7J,Western Union,Fashion Fleece,Apparel Blanks,"Fleecewear, Sweats",Fashion Fleece
ACUDKG,Darden Restaurants,Fashion Fleece,Apparel Blanks,"Fleecewear, Sweats",Fashion Fleece
YRDJKI,Air Products & Chemicals,Fashion Fleece,Apparel Blanks,"Fleecewear, Sweats",Fashion Fleece
MC7CX6,DaVita,Fashion Fleece,Apparel Blanks,"Fleecewear, Sweats",Fashion Fleece
5GJLFW,Williams,Fashion Fleece,Apparel Blanks,"Fleecewear, Sweats",Fashion Fleece
72REGU,Genworth Financial,French Terry Fleece,Apparel Blanks,"Fleecewear, Sweats",French Terry Fleece
EHRYCM,Mohawk Industries,French Terry Fleece,Apparel Blanks,"Fleecewear, Sweats",French Terry Fleece
D3M21K,eBay,French Terry Fleece,Apparel Blanks,"Fleecewear, Sweats",French Terry Fleece
7JACUD,Unum Group,French Terry Fleece,Apparel Blanks,"Fleecewear, Sweats",French Terry Fleece
FC4JC6,Motorola Solutions,French Terry Fleece,Apparel Blanks,"Fleecewear, Sweats",French Terry Fleece
FMAA1S,Vistra Energy,French Terry Fleece,Apparel Blanks,"Fleecewear, Sweats",French Terry Fleece
BQZ9W8,NGL Energy Partners,French Terry Fleece,Apparel Blanks,"Fleecewear, Sweats",French Terry Fleece
Y1JB95,Nike,French Terry Fleece,Apparel Blanks,"Fleecewear, Sweats",French Terry Fleece
HFVARV,Kohl's,Full-Zip Fleece,Apparel Blanks,"Fleecewear, Sweats",Full-Zip Fleece
X65GJL,EOG Resources,Full-Zip Fleece,Apparel Blanks,"Fleecewear, Sweats",Full-Zip Fleece
FW72RE,Chesapeake Energy,Full-Zip Fleece,Apparel Blanks,"Fleecewear, Sweats",Full-Zip Fleece
GUEHRY,Valero Energy,High-Cotton Content Fleece,Apparel Blanks,"Fleecewear, Sweats",High-Cotton Content Fleece
CMD3M2,Aflac,High-Cotton Content Fleece,Apparel Blanks,"Fleecewear, Sweats",High-Cotton Content Fleece
1K7JAC,Toll Brothers,High-Cotton Content Fleece,Apparel Blanks,"Fleecewear, Sweats",High-Cotton Content Fleece
UDKGTR,LKQ,High-Cotton Content Fleece,Apparel Blanks,"Fleecewear, Sweats",High-Cotton Content Fleece
7M3XV3,WEC Energy Group,High-Cotton Content Fleece,Apparel Blanks,"Fleecewear, Sweats",High-Cotton Content Fleece
EP3V1I,Activision Blizzard,High-Cotton Content Fleece,Apparel Blanks,"Fleecewear, Sweats",High-Cotton Content Fleece
EZ0M04,Textron,High-Cotton Content Fleece,Apparel Blanks,"Fleecewear, Sweats",High-Cotton Content Fleece
A2OVVU,Microsoft,High-Cotton Content Fleece,Apparel Blanks,"Fleecewear, Sweats",High-Cotton Content Fleece
XDIN8H,Dean Foods,High-Cotton Content Fleece,Apparel Blanks,"Fleecewear, Sweats",High-Cotton Content Fleece
9VBO6O,Ally Financial,Textured Fleece,Apparel Blanks,"Fleecewear, Sweats",Textured Fleece
WS4T8X,Mastercard,Textured Fleece,Apparel Blanks,"Fleecewear, Sweats",Textured Fleece
596EQ0,Phillips 66,Textured Fleece,Apparel Blanks,"Fleecewear, Sweats",Textured Fleece
56DTQA,Broadcom,Textured Fleece,Apparel Blanks,"Fleecewear, Sweats",Textured Fleece
BY2GLE,Bed Bath & Beyond,Textured Fleece,Apparel Blanks,"Fleecewear, Sweats",Textured Fleece
0WXWZP,Anadarko Petroleum,Textured Fleece,Apparel Blanks,"Fleecewear, Sweats",Textured Fleece
TYASS3,USAA,Footwear,Apparel Blanks,Footwear,
WYSAUF,Icahn Enterprises,Footwear,Apparel Blanks,Footwear,
D1T71U,J.B. Hunt Transport Services,Footwear,Apparel Blanks,Footwear,
4BZZQQ,Walt Disney,Footwear,Apparel Blanks,Footwear,
9FN7L6,ADP,Footwear,Apparel Blanks,Footwear,
NZ8ZYT,Xcel Energy,Footwear,Apparel Blanks,Footwear,
64K8GK,INTL FCStone,Footwear,Apparel Blanks,Footwear,
HP12HI,Allstate,Footwear,Apparel Blanks,Footwear,
O5RCN9,Southern,Footwear,Apparel Blanks,Footwear,
ERXPB8,HD Supply Holdings,Footwear,Apparel Blanks,Footwear,
87B0V0,Arconic,Footwear,Apparel Blanks,Footwear,
L4U579,Freeport-McMoRan,Footwear,Apparel Blanks,Footwear,
4L5QFC,Olin,Footwear,Apparel Blanks,Footwear,
4JC6FM,Steel Dynamics,Footwear,Apparel Blanks,Footwear,
AA1SBQ,Apple,Footwear,Apparel Blanks,Footwear,
Z9W8Y1,A-Mark Precious Metals,Garment-Dyed Apparel,Apparel Blanks,Garment-Dyed Apparel,
JB95HF,DISH Network,Garment-Dyed Apparel,Apparel Blanks,Garment-Dyed Apparel,
VARVT1,Avis Budget Group,Garment-Dyed Apparel,Apparel Blanks,Garment-Dyed Apparel,
3DST06,Yum China Holdings,Garment-Dyed Apparel,Apparel Blanks,Garment-Dyed Apparel,
3NYBP2,American Airlines Group,Garment-Dyed Apparel,Apparel Blanks,Garment-Dyed Apparel,
YRDJKI,Air Products & Chemicals,Garment-Dyed Apparel,Apparel Blanks,Garment-Dyed Apparel,
Z9W8Y1,A-Mark Precious Metals,"Youth Golf, Placket Shirts",Apparel Blanks,"Golf, Placket Shirts","Youth Golf, Placket Shirts"
JB95HF,DISH Network,"Youth Golf, Placket Shirts",Apparel Blanks,"Golf, Placket Shirts","Youth Golf, Placket Shirts"
ZZQQ9F,XPO Logistics,"Polyester, Blends",Apparel Blanks,"Jackets, Outerwear","Polyester, Blends"
N7L6NZ,Asbury Automotive Group,"Polyester, Blends",Apparel Blanks,"Jackets, Outerwear","Polyester, Blends"
8ZYT64,Whirlpool,Poplin Jackets,Apparel Blanks,"Jackets, Outerwear",Poplin Jackets
K8GKHP,Interpublic Group,Poplin Jackets,Apparel Blanks,"Jackets, Outerwear",Poplin Jackets
12HIO5,KeyCorp,Poplin Jackets,Apparel Blanks,"Jackets, Outerwear",Poplin Jackets
RCN9ER,Jabil,Poplin Jackets,Apparel Blanks,"Jackets, Outerwear",Poplin Jackets
XPB887,HollyFrontier,Poplin Jackets,Apparel Blanks,"Jackets, Outerwear",Poplin Jackets
B0V0L4,Alphabet,Poplin Jackets,Apparel Blanks,"Jackets, Outerwear",Poplin Jackets
U5794L,Raytheon,Poplin Jackets,Apparel Blanks,"Jackets, Outerwear",Poplin Jackets
5QFC4J,Eversource Energy,Poplin Jackets,Apparel Blanks,"Jackets, Outerwear",Poplin Jackets
C6FMAA,Mondelez International,Poplin Jackets,Apparel Blanks,"Jackets, Outerwear",Poplin Jackets
1SBQZ9,Huntsman,Poplin Jackets,Apparel Blanks,"Jackets, Outerwear",Poplin Jackets
W8Y1JB,HCA Healthcare,Poplin Jackets,Apparel Blanks,"Jackets, Outerwear",Poplin Jackets
95HFVA,Hanesbrands,Poplin Jackets,Apparel Blanks,"Jackets, Outerwear",Poplin Jackets
RVT13D,Navistar International,Poplin Jackets,Apparel Blanks,"Jackets, Outerwear",Poplin Jackets
ST063N,MetLife,Poplin Jackets,Apparel Blanks,"Jackets, Outerwear",Poplin Jackets
YBP2YR,Molina Healthcare,Poplin Jackets,Apparel Blanks,"Jackets, Outerwear",Poplin Jackets
DJKIMC,Cisco Systems,Poplin Jackets,Apparel Blanks,"Jackets, Outerwear",Poplin Jackets
7CX65G,Laboratory Corp. of America,Satin Jackets,Apparel Blanks,"Jackets, Outerwear",Satin Jackets
JLFW72,Harley-Davidson,Satin Jackets,Apparel Blanks,"Jackets, Outerwear",Satin Jackets
REGUEH,CDW,Satin Jackets,Apparel Blanks,"Jackets, Outerwear",Satin Jackets
RYCMD3,Aramark,Satin Jackets,Apparel Blanks,"Jackets, Outerwear",Satin Jackets
M21K7J,Western Union,Satin Jackets,Apparel Blanks,"Jackets, Outerwear",Satin Jackets
ACUDKG,Darden Restaurants,Satin Jackets,Apparel Blanks,"Jackets, Outerwear",Satin Jackets
FC4JC6,Motorola Solutions,Satin Jackets,Apparel Blanks,"Jackets, Outerwear",Satin Jackets
FMAA1S,Vistra Energy,Satin Jackets,Apparel Blanks,"Jackets, Outerwear",Satin Jackets
BQZ9W8,NGL Energy Partners,Satin Jackets,Apparel Blanks,"Jackets, Outerwear",Satin Jackets
Y1JB95,Nike,Satin Jackets,Apparel Blanks,"Jackets, Outerwear",Satin Jackets
HFVARV,Kohl's,Satin Jackets,Apparel Blanks,"Jackets, Outerwear",Satin Jackets
T13DST,AES,Satin Jackets,Apparel Blanks,"Jackets, Outerwear",Satin Jackets
063NYB,Western & Southern Financial Group,Satin Jackets,Apparel Blanks,"Jackets, Outerwear",Satin Jackets
P2YRDJ,Citigroup,Satin Jackets,Apparel Blanks,"Jackets, Outerwear",Satin Jackets
KIMC7C,Fiserv,Satin Jackets,Apparel Blanks,"Jackets, Outerwear",Satin Jackets
X65GJL,EOG Resources,Supplex Jackets,Apparel Blanks,"Jackets, Outerwear",Supplex Jackets
FW72RE,Chesapeake Energy,Supplex Jackets,Apparel Blanks,"Jackets, Outerwear",Supplex Jackets
GUEHRY,Valero Energy,Supplex Jackets,Apparel Blanks,"Jackets, Outerwear",Supplex Jackets
CMD3M2,Aflac,Supplex Jackets,Apparel Blanks,"Jackets, Outerwear",Supplex Jackets
1K7JAC,Toll Brothers,Supplex Jackets,Apparel Blanks,"Jackets, Outerwear",Supplex Jackets
UDKGTR,LKQ,Supplex Jackets,Apparel Blanks,"Jackets, Outerwear",Supplex Jackets
7M3XV3,WEC Energy Group,Tyvek Jackets,Apparel Blanks,"Jackets, Outerwear",Tyvek Jackets
EP3V1I,Activision Blizzard,Tyvek Jackets,Apparel Blanks,"Jackets, Outerwear",Tyvek Jackets
EZ0M04,Textron,Tyvek Jackets,Apparel Blanks,"Jackets, Outerwear",Tyvek Jackets
A2OVVU,Microsoft,Vests,Apparel Blanks,"Jackets, Outerwear",Vests
XDIN8H,Dean Foods,Vests,Apparel Blanks,"Jackets, Outerwear",Vests
HSUWQ8,Tenneco,Vests,Apparel Blanks,"Jackets, Outerwear",Vests
ID2QR5,Principal Financial,Vests,Apparel Blanks,"Jackets, Outerwear",Vests
PS20OX,News Corp.,Vests,Apparel Blanks,"Jackets, Outerwear",Vests
FFX3CW,Fortive,Vests,Apparel Blanks,"Jackets, Outerwear",Vests
9VBO6O,Ally Financial,Vests,Apparel Blanks,"Jackets, Outerwear",Vests
WS4T8X,Mastercard,Vests,Apparel Blanks,"Jackets, Outerwear",Vests
596EQ0,Phillips 66,Vests,Apparel Blanks,"Jackets, Outerwear",Vests
KGTR7M,Estee Lauder,Color-Block Shirts,Apparel Blanks,Miscellaneous Apparel,Color-Block Shirts
3XV3EP,CSX,Color-Block Shirts,Apparel Blanks,Miscellaneous Apparel,Color-Block Shirts
3V1IEZ,Fifth Third Bancorp,Color-Block Shirts,Apparel Blanks,Miscellaneous Apparel,Color-Block Shirts
0M04A2,Publix Super Markets,Color-Block Shirts,Apparel Blanks,Miscellaneous Apparel,Color-Block Shirts
OVVUXD,Peabody Energy,Color-Block Shirts,Apparel Blanks,Miscellaneous Apparel,Color-Block Shirts
IN8HHS,Arthur J. Gallagher,Color-Block Shirts,Apparel Blanks,Miscellaneous Apparel,Color-Block Shirts
UWQ8ID,Caterpillar,Color-Block Shirts,Apparel Blanks,Miscellaneous Apparel,Color-Block Shirts
2QR5PS,United States Steel,Color-Block Shirts,Apparel Blanks,Miscellaneous Apparel,Color-Block Shirts
20OXFF,Qurate Retail,Color-Block Shirts,Apparel Blanks,Miscellaneous Apparel,Color-Block Shirts
X3CW9V,Zimmer Biomet Holdings,Color-Block Shirts,Apparel Blanks,Miscellaneous Apparel,Color-Block Shirts
BO6OWS,Danaher,Color-Block Shirts,Apparel Blanks,Miscellaneous Apparel,Color-Block Shirts
4T8X59,Northern Trust,Color-Block Shirts,Apparel Blanks,Miscellaneous Apparel,Color-Block Shirts
6EQ056,Jones Lang LaSalle,Color-Block Shirts,Apparel Blanks,Miscellaneous Apparel,Color-Block Shirts
DTQABY,Sempra Energy,Color-Block Shirts,Apparel Blanks,Miscellaneous Apparel,Color-Block Shirts
2GLE0W,Baxter International,Color-Block Shirts,Apparel Blanks,Miscellaneous Apparel,Color-Block Shirts
XWZPTY,Union Pacific,Color-Block Shirts,Apparel Blanks,Miscellaneous Apparel,Color-Block Shirts
ASS3WY,Assurant,Color-Block Shirts,Apparel Blanks,Miscellaneous Apparel,Color-Block Shirts
SAUFD1,Biogen,Dickeys,Apparel Blanks,Miscellaneous Apparel,Dickeys
T71U4B,Best Buy,Dickeys,Apparel Blanks,Miscellaneous Apparel,Dickeys
ZZQQ9F,XPO Logistics,Dickeys,Apparel Blanks,Miscellaneous Apparel,Dickeys
N7L6NZ,Asbury Automotive Group,Flannel Apparel,Apparel Blanks,Miscellaneous Apparel,Flannel Apparel
8ZYT64,Whirlpool,Flannel Apparel,Apparel Blanks,Miscellaneous Apparel,Flannel Apparel
K8GKHP,Interpublic Group,Flannel Apparel,Apparel Blanks,Miscellaneous Apparel,Flannel Apparel
12HIO5,KeyCorp,Flannel Apparel,Apparel Blanks,Miscellaneous Apparel,Flannel Apparel
RCN9ER,Jabil,Flannel Apparel,Apparel Blanks,Miscellaneous Apparel,Flannel Apparel
XPB887,HollyFrontier,Flannel Apparel,Apparel Blanks,Miscellaneous Apparel,Flannel Apparel
B0V0L4,Alphabet,Flannel Apparel,Apparel Blanks,Miscellaneous Apparel,Flannel Apparel
U5794L,Raytheon,Flannel Apparel,Apparel Blanks,Miscellaneous Apparel,Flannel Apparel
5QFC4J,Eversource Energy,Flannel Apparel,Apparel Blanks,Miscellaneous Apparel,Flannel Apparel
C6FMAA,Mondelez International,Flannel Apparel,Apparel Blanks,Miscellaneous Apparel,Flannel Apparel
1SBQZ9,Huntsman,Flannel Apparel,Apparel Blanks,Miscellaneous Apparel,Flannel Apparel
W8Y1JB,HCA Healthcare,Flannel Apparel,Apparel Blanks,Miscellaneous Apparel,Flannel Apparel
95HFVA,Hanesbrands,Flannel Apparel,Apparel Blanks,Miscellaneous Apparel,Flannel Apparel
RVT13D,Navistar International,Gloves,Apparel Blanks,Miscellaneous Apparel,Gloves
ST063N,MetLife,Gloves,Apparel Blanks,Miscellaneous Apparel,Gloves
YBP2YR,Molina Healthcare,Gloves,Apparel Blanks,Miscellaneous Apparel,Gloves
DJKIMC,Cisco Systems,Gloves,Apparel Blanks,Miscellaneous Apparel,Gloves
7CX65G,Laboratory Corp. of America,Gloves,Apparel Blanks,Miscellaneous Apparel,Gloves
JLFW72,Harley-Davidson,Gloves,Apparel Blanks,Miscellaneous Apparel,Gloves
REGUEH,CDW,Gloves,Apparel Blanks,Miscellaneous Apparel,Gloves
RYCMD3,Aramark,Gloves,Apparel Blanks,Miscellaneous Apparel,Gloves
M21K7J,Western Union,Gloves,Apparel Blanks,Miscellaneous Apparel,Gloves
ACUDKG,Darden Restaurants,Henley-Collar Shirts,Apparel Blanks,Miscellaneous Apparel,Henley-Collar Shirts
FC4JC6,Motorola Solutions,Henley-Collar Shirts,Apparel Blanks,Miscellaneous Apparel,Henley-Collar Shirts
FMAA1S,Vistra Energy,Henley-Collar Shirts,Apparel Blanks,Miscellaneous Apparel,Henley-Collar Shirts
BQZ9W8,NGL Energy Partners,Henley-Collar Shirts,Apparel Blanks,Miscellaneous Apparel,Henley-Collar Shirts
Y1JB95,Nike,Henley-Collar Shirts,Apparel Blanks,Miscellaneous Apparel,Henley-Collar Shirts
HFVARV,Kohl's,Henley-Collar Shirts,Apparel Blanks,Miscellaneous Apparel,Henley-Collar Shirts
T13DST,AES,Henley-Collar Shirts,Apparel Blanks,Miscellaneous Apparel,Henley-Collar Shirts
063NYB,Western & Southern Financial Group,Henley-Collar Shirts,Apparel Blanks,Miscellaneous Apparel,Henley-Collar Shirts
P2YRDJ,Citigroup,Henley-Collar Shirts,Apparel Blanks,Miscellaneous Apparel,Henley-Collar Shirts
KIMC7C,Fiserv,Henley-Collar Shirts,Apparel Blanks,Miscellaneous Apparel,Henley-Collar Shirts
X65GJL,EOG Resources,Henley-Collar Shirts,Apparel Blanks,Miscellaneous Apparel,Henley-Collar Shirts
FW72RE,Chesapeake Energy,Henley-Collar Shirts,Apparel Blanks,Miscellaneous Apparel,Henley-Collar Shirts
GUEHRY,Valero Energy,Henley-Collar Shirts,Apparel Blanks,Miscellaneous Apparel,Henley-Collar Shirts
CMD3M2,Aflac,Henley-Collar Shirts,Apparel Blanks,Miscellaneous Apparel,Henley-Collar Shirts
1K7JAC,Toll Brothers,Henley-Collar Shirts,Apparel Blanks,Miscellaneous Apparel,Henley-Collar Shirts
UDKGTR,LKQ,Henley-Collar Shirts,Apparel Blanks,Miscellaneous Apparel,Henley-Collar Shirts
7M3XV3,WEC Energy Group,Henley-Collar Shirts,Apparel Blanks,Miscellaneous Apparel,Henley-Collar Shirts
EP3V1I,Activision Blizzard,Henley-Collar Shirts,Apparel Blanks,Miscellaneous Apparel,Henley-Collar Shirts
EZ0M04,Textron,Henley-Collar Shirts,Apparel Blanks,Miscellaneous Apparel,Henley-Collar Shirts
A2OVVU,Microsoft,Henley-Collar Shirts,Apparel Blanks,Miscellaneous Apparel,Henley-Collar Shirts
XDIN8H,Dean Foods,Henley-Collar Shirts,Apparel Blanks,Miscellaneous Apparel,Henley-Collar Shirts
HSUWQ8,Tenneco,Henley-Collar Shirts,Apparel Blanks,Miscellaneous Apparel,Henley-Collar Shirts
ID2QR5,Principal Financial,Henley-Collar Shirts,Apparel Blanks,Miscellaneous Apparel,Henley-Collar Shirts
PS20OX,News Corp.,Henley-Collar Shirts,Apparel Blanks,Miscellaneous Apparel,Henley-Collar Shirts
FFX3CW,Fortive,Johnny-Collar Shirts,Apparel Blanks,Miscellaneous Apparel,Johnny-Collar Shirts
9VBO6O,Ally Financial,Johnny-Collar Shirts,Apparel Blanks,Miscellaneous Apparel,Johnny-Collar Shirts
WS4T8X,Mastercard,Johnny-Collar Shirts,Apparel Blanks,Miscellaneous Apparel,Johnny-Collar Shirts
596EQ0,Phillips 66,Johnny-Collar Shirts,Apparel Blanks,Miscellaneous Apparel,Johnny-Collar Shirts
56DTQA,Broadcom,Johnny-Collar Shirts,Apparel Blanks,Miscellaneous Apparel,Johnny-Collar Shirts
BY2GLE,Bed Bath & Beyond,Johnny-Collar Shirts,Apparel Blanks,Miscellaneous Apparel,Johnny-Collar Shirts
0WXWZP,Anadarko Petroleum,Johnny-Collar Shirts,Apparel Blanks,Miscellaneous Apparel,Johnny-Collar Shirts
TYASS3,USAA,Johnny-Collar Shirts,Apparel Blanks,Miscellaneous Apparel,Johnny-Collar Shirts
WYSAUF,Icahn Enterprises,Johnny-Collar Shirts,Apparel Blanks,Miscellaneous Apparel,Johnny-Collar Shirts
D1T71U,J.B. Hunt Transport Services,Johnny-Collar Shirts,Apparel Blanks,Miscellaneous Apparel,Johnny-Collar Shirts
4BZZQQ,Walt Disney,Johnny-Collar Shirts,Apparel Blanks,Miscellaneous Apparel,Johnny-Collar Shirts
9FN7L6,ADP,Johnny-Collar Shirts,Apparel Blanks,Miscellaneous Apparel,Johnny-Collar Shirts
NZ8ZYT,Xcel Energy,Johnny-Collar Shirts,Apparel Blanks,Miscellaneous Apparel,Johnny-Collar Shirts
64K8GK,INTL FCStone,Johnny-Collar Shirts,Apparel Blanks,Miscellaneous Apparel,Johnny-Collar Shirts
HP12HI,Allstate,Johnny-Collar Shirts,Apparel Blanks,Miscellaneous Apparel,Johnny-Collar Shirts
O5RCN9,Southern,Johnny-Collar Shirts,Apparel Blanks,Miscellaneous Apparel,Johnny-Collar Shirts
ERXPB8,HD Supply Holdings,Johnny-Collar Shirts,Apparel Blanks,Miscellaneous Apparel,Johnny-Collar Shirts
87B0V0,Arconic,Johnny-Collar Shirts,Apparel Blanks,Miscellaneous Apparel,Johnny-Collar Shirts
L4U579,Freeport-McMoRan,Juniors Apparel,Apparel Blanks,Miscellaneous Apparel,Juniors Apparel
4L5QFC,Olin,Juniors Apparel,Apparel Blanks,Miscellaneous Apparel,Juniors Apparel
4JC6FM,Steel Dynamics,Juniors Apparel,Apparel Blanks,Miscellaneous Apparel,Juniors Apparel
AA1SBQ,Apple,Juniors Apparel,Apparel Blanks,Miscellaneous Apparel,Juniors Apparel
Z9W8Y1,A-Mark Precious Metals,Juniors Apparel,Apparel Blanks,Miscellaneous Apparel,Juniors Apparel
JB95HF,DISH Network,Juniors Apparel,Apparel Blanks,Miscellaneous Apparel,Juniors Apparel
VARVT1,Avis Budget Group,Juniors Apparel,Apparel Blanks,Miscellaneous Apparel,Juniors Apparel
3DST06,Yum China Holdings,Juniors Apparel,Apparel Blanks,Miscellaneous Apparel,Juniors Apparel
3NYBP2,American Airlines Group,Juniors Apparel,Apparel Blanks,Miscellaneous Apparel,Juniors Apparel
YRDJKI,Air Products & Chemicals,Juniors Apparel,Apparel Blanks,Miscellaneous Apparel,Juniors Apparel
MC7CX6,DaVita,Juniors Apparel,Apparel Blanks,Miscellaneous Apparel,Juniors Apparel
5GJLFW,Williams,Juniors Apparel,Apparel Blanks,Miscellaneous Apparel,Juniors Apparel
72REGU,Genworth Financial,Juniors Apparel,Apparel Blanks,Miscellaneous Apparel,Juniors Apparel
EHRYCM,Mohawk Industries,Juniors Apparel,Apparel Blanks,Miscellaneous Apparel,Juniors Apparel
D3M21K,eBay,Juniors Apparel,Apparel Blanks,Miscellaneous Apparel,Juniors Apparel
7JACUD,Unum Group,Juniors Apparel,Apparel Blanks,Miscellaneous Apparel,Juniors Apparel
KGTR7M,Estee Lauder,Juniors Apparel,Apparel Blanks,Miscellaneous Apparel,Juniors Apparel
3XV3EP,CSX,Juniors Apparel,Apparel Blanks,Miscellaneous Apparel,Juniors Apparel
3V1IEZ,Fifth Third Bancorp,Juniors Apparel,Apparel Blanks,Miscellaneous Apparel,Juniors Apparel
0M04A2,Publix Super Markets,Juniors Apparel,Apparel Blanks,Miscellaneous Apparel,Juniors Apparel
OVVUXD,Peabody Energy,Juniors Apparel,Apparel Blanks,Miscellaneous Apparel,Juniors Apparel
IN8HHS,Arthur J. Gallagher,Juniors Apparel,Apparel Blanks,Miscellaneous Apparel,Juniors Apparel
UWQ8ID,Caterpillar,Juniors Apparel,Apparel Blanks,Miscellaneous Apparel,Juniors Apparel
2QR5PS,United States Steel,Juniors Apparel,Apparel Blanks,Miscellaneous Apparel,Juniors Apparel
20OXFF,Qurate Retail,Juniors Apparel,Apparel Blanks,Miscellaneous Apparel,Juniors Apparel
X3CW9V,Zimmer Biomet Holdings,Juniors Apparel,Apparel Blanks,Miscellaneous Apparel,Juniors Apparel
BO6OWS,Danaher,Juniors Apparel,Apparel Blanks,Miscellaneous Apparel,Juniors Apparel
4T8X59,Northern Trust,Juniors Apparel,Apparel Blanks,Miscellaneous Apparel,Juniors Apparel
6EQ056,Jones Lang LaSalle,Juniors Apparel,Apparel Blanks,Miscellaneous Apparel,Juniors Apparel
DTQABY,Sempra Energy,Juniors Apparel,Apparel Blanks,Miscellaneous Apparel,Juniors Apparel
2GLE0W,Baxter International,Juniors Apparel,Apparel Blanks,Miscellaneous Apparel,Juniors Apparel
XWZPTY,Union Pacific,Juniors Apparel,Apparel Blanks,Miscellaneous Apparel,Juniors Apparel
ASS3WY,Assurant,Juniors Apparel,Apparel Blanks,Miscellaneous Apparel,Juniors Apparel
SAUFD1,Biogen,Juniors Apparel,Apparel Blanks,Miscellaneous Apparel,Juniors Apparel
T71U4B,Best Buy,Juniors Apparel,Apparel Blanks,Miscellaneous Apparel,Juniors Apparel
ZZQQ9F,XPO Logistics,Juniors Apparel,Apparel Blanks,Miscellaneous Apparel,Juniors Apparel
N7L6NZ,Asbury Automotive Group,Ladies' Fashion Apparel,Apparel Blanks,Miscellaneous Apparel,Ladies' Fashion Apparel
8ZYT64,Whirlpool,Ladies' Fashion Apparel,Apparel Blanks,Miscellaneous Apparel,Ladies' Fashion Apparel
K8GKHP,Interpublic Group,Ladies' Fashion Apparel,Apparel Blanks,Miscellaneous Apparel,Ladies' Fashion Apparel
12HIO5,KeyCorp,Ladies' Fashion Apparel,Apparel Blanks,Miscellaneous Apparel,Ladies' Fashion Apparel
RCN9ER,Jabil,Ladies' Fashion Apparel,Apparel Blanks,Miscellaneous Apparel,Ladies' Fashion Apparel
XPB887,HollyFrontier,Ladies' Fashion Apparel,Apparel Blanks,Miscellaneous Apparel,Ladies' Fashion Apparel
B0V0L4,Alphabet,Ladies' Fashion Apparel,Apparel Blanks,Miscellaneous Apparel,Ladies' Fashion Apparel
U5794L,Raytheon,Ladies' Fashion Apparel,Apparel Blanks,Miscellaneous Apparel,Ladies' Fashion Apparel
5QFC4J,Eversource Energy,Ladies' Fashion Apparel,Apparel Blanks,Miscellaneous Apparel,Ladies' Fashion Apparel
C6FMAA,Mondelez International,Ladies' Fashion Apparel,Apparel Blanks,Miscellaneous Apparel,Ladies' Fashion Apparel
1SBQZ9,Huntsman,Ladies' Fashion Apparel,Apparel Blanks,Miscellaneous Apparel,Ladies' Fashion Apparel
W8Y1JB,HCA Healthcare,Ladies' Fashion Apparel,Apparel Blanks,Miscellaneous Apparel,Ladies' Fashion Apparel
95HFVA,Hanesbrands,Ladies' Fashion Apparel,Apparel Blanks,Miscellaneous Apparel,Ladies' Fashion Apparel
RVT13D,Navistar International,Ladies' Fashion Apparel,Apparel Blanks,Miscellaneous Apparel,Ladies' Fashion Apparel
ST063N,MetLife,Ladies' Fashion Apparel,Apparel Blanks,Miscellaneous Apparel,Ladies' Fashion Apparel
YBP2YR,Molina Healthcare,Ladies' Fashion Apparel,Apparel Blanks,Miscellaneous Apparel,Ladies' Fashion Apparel
DJKIMC,Cisco Systems,Ladies' Fashion Apparel,Apparel Blanks,Miscellaneous Apparel,Ladies' Fashion Apparel
7CX65G,Laboratory Corp. of America,Ladies' Fashion Apparel,Apparel Blanks,Miscellaneous Apparel,Ladies' Fashion Apparel
JLFW72,Harley-Davidson,Ladies' Fashion Apparel,Apparel Blanks,Miscellaneous Apparel,Ladies' Fashion Apparel
REGUEH,CDW,Ladies' Fashion Apparel,Apparel Blanks,Miscellaneous Apparel,Ladies' Fashion Apparel
RYCMD3,Aramark,Ladies' Fashion Apparel,Apparel Blanks,Miscellaneous Apparel,Ladies' Fashion Apparel
M21K7J,Western Union,Ladies' Fashion Apparel,Apparel Blanks,Miscellaneous Apparel,Ladies' Fashion Apparel
ACUDKG,Darden Restaurants,Ladies' Fashion Apparel,Apparel Blanks,Miscellaneous Apparel,Ladies' Fashion Apparel
FC4JC6,Motorola Solutions,Ladies' Fashion Apparel,Apparel Blanks,Miscellaneous Apparel,Ladies' Fashion Apparel
FMAA1S,Vistra Energy,Ladies' Fashion Apparel,Apparel Blanks,Miscellaneous Apparel,Ladies' Fashion Apparel
BQZ9W8,NGL Energy Partners,Ladies' Fashion Apparel,Apparel Blanks,Miscellaneous Apparel,Ladies' Fashion Apparel
Y1JB95,Nike,Ladies' Fashion Apparel,Apparel Blanks,Miscellaneous Apparel,Ladies' Fashion Apparel
HFVARV,Kohl's,Ladies' Fashion Apparel,Apparel Blanks,Miscellaneous Apparel,Ladies' Fashion Apparel
T13DST,AES,Ladies' Fashion Apparel,Apparel Blanks,Miscellaneous Apparel,Ladies' Fashion Apparel
063NYB,Western & Southern Financial Group,Ladies' Fashion Apparel,Apparel Blanks,Miscellaneous Apparel,Ladies' Fashion Apparel
P2YRDJ,Citigroup,Ladies' Fashion Apparel,Apparel Blanks,Miscellaneous Apparel,Ladies' Fashion Apparel
KIMC7C,Fiserv,Ladies' Fashion Apparel,Apparel Blanks,Miscellaneous Apparel,Ladies' Fashion Apparel
X65GJL,EOG Resources,Ladies' Fashion Apparel,Apparel Blanks,Miscellaneous Apparel,Ladies' Fashion Apparel
FW72RE,Chesapeake Energy,Ladies' Fashion Apparel,Apparel Blanks,Miscellaneous Apparel,Ladies' Fashion Apparel
GUEHRY,Valero Energy,Ladies' Fashion Apparel,Apparel Blanks,Miscellaneous Apparel,Ladies' Fashion Apparel
CMD3M2,Aflac,Ladies' Fashion Apparel,Apparel Blanks,Miscellaneous Apparel,Ladies' Fashion Apparel
1K7JAC,Toll Brothers,Ladies' Fashion Apparel,Apparel Blanks,Miscellaneous Apparel,Ladies' Fashion Apparel
UDKGTR,LKQ,Ladies' Fashion Apparel,Apparel Blanks,Miscellaneous Apparel,Ladies' Fashion Apparel
7M3XV3,WEC Energy Group,Ladies' Fashion Apparel,Apparel Blanks,Miscellaneous Apparel,Ladies' Fashion Apparel
EP3V1I,Activision Blizzard,Ladies' Fashion Apparel,Apparel Blanks,Miscellaneous Apparel,Ladies' Fashion Apparel
EZ0M04,Textron,Ladies' Fashion Apparel,Apparel Blanks,Miscellaneous Apparel,Ladies' Fashion Apparel
A2OVVU,Microsoft,Ladies' Fashion Apparel,Apparel Blanks,Miscellaneous Apparel,Ladies' Fashion Apparel
XDIN8H,Dean Foods,Ladies' Fashion Apparel,Apparel Blanks,Miscellaneous Apparel,Ladies' Fashion Apparel
HSUWQ8,Tenneco,Ladies' Fashion Apparel,Apparel Blanks,Miscellaneous Apparel,Ladies' Fashion Apparel
ID2QR5,Principal Financial,Ladies' Fashion Apparel,Apparel Blanks,Miscellaneous Apparel,Ladies' Fashion Apparel
PS20OX,News Corp.,Ladies' Fashion Apparel,Apparel Blanks,Miscellaneous Apparel,Ladies' Fashion Apparel
FFX3CW,Fortive,Ladies' Fashion Apparel,Apparel Blanks,Miscellaneous Apparel,Ladies' Fashion Apparel
9VBO6O,Ally Financial,Ladies' Fashion Apparel,Apparel Blanks,Miscellaneous Apparel,Ladies' Fashion Apparel
WS4T8X,Mastercard,Ladies' Fashion Apparel,Apparel Blanks,Miscellaneous Apparel,Ladies' Fashion Apparel
596EQ0,Phillips 66,Ladies' Fashion Apparel,Apparel Blanks,Miscellaneous Apparel,Ladies' Fashion Apparel
56DTQA,Broadcom,Ladies' Fashion Apparel,Apparel Blanks,Miscellaneous Apparel,Ladies' Fashion Apparel
BY2GLE,Bed Bath & Beyond,Ladies' Fashion Apparel,Apparel Blanks,Miscellaneous Apparel,Ladies' Fashion Apparel
0WXWZP,Anadarko Petroleum,Ladies' Fashion Apparel,Apparel Blanks,Miscellaneous Apparel,Ladies' Fashion Apparel
TYASS3,USAA,Ladies' Fashion Apparel,Apparel Blanks,Miscellaneous Apparel,Ladies' Fashion Apparel
WYSAUF,Icahn Enterprises,Ladies' Fashion Apparel,Apparel Blanks,Miscellaneous Apparel,Ladies' Fashion Apparel
D1T71U,J.B. Hunt Transport Services,Ladies' Fashion Apparel,Apparel Blanks,Miscellaneous Apparel,Ladies' Fashion Apparel
4BZZQQ,Walt Disney,Ladies' Fashion Apparel,Apparel Blanks,Miscellaneous Apparel,Ladies' Fashion Apparel
9FN7L6,ADP,Ladies' Fashion Apparel,Apparel Blanks,Miscellaneous Apparel,Ladies' Fashion Apparel
NZ8ZYT,Xcel Energy,Ladies' Fashion Apparel,Apparel Blanks,Miscellaneous Apparel,Ladies' Fashion Apparel
64K8GK,INTL FCStone,Ladies' Fashion Apparel,Apparel Blanks,Miscellaneous Apparel,Ladies' Fashion Apparel
HP12HI,Allstate,Ladies' Fashion Apparel,Apparel Blanks,Miscellaneous Apparel,Ladies' Fashion Apparel
O5RCN9,Southern,Ladies' Fashion Apparel,Apparel Blanks,Miscellaneous Apparel,Ladies' Fashion Apparel
ERXPB8,HD Supply Holdings,Ladies' Fashion Apparel,Apparel Blanks,Miscellaneous Apparel,Ladies' Fashion Apparel
87B0V0,Arconic,Ladies' Fashion Apparel,Apparel Blanks,Miscellaneous Apparel,Ladies' Fashion Apparel
L4U579,Freeport-McMoRan,Ladies' Fashion Apparel,Apparel Blanks,Miscellaneous Apparel,Ladies' Fashion Apparel
4L5QFC,Olin,Ladies' Fashion Apparel,Apparel Blanks,Miscellaneous Apparel,Ladies' Fashion Apparel
4JC6FM,Steel Dynamics,Ladies' Fashion Apparel,Apparel Blanks,Miscellaneous Apparel,Ladies' Fashion Apparel
AA1SBQ,Apple,Ladies' Fashion Apparel,Apparel Blanks,Miscellaneous Apparel,Ladies' Fashion Apparel
Z9W8Y1,A-Mark Precious Metals,Ladies' Fashion Apparel,Apparel Blanks,Miscellaneous Apparel,Ladies' Fashion Apparel
JB95HF,DISH Network,Misses Apparel,Apparel Blanks,Miscellaneous Apparel,Misses Apparel
VARVT1,Avis Budget Group,Misses Apparel,Apparel Blanks,Miscellaneous Apparel,Misses Apparel
3DST06,Yum China Holdings,Misses Apparel,Apparel Blanks,Miscellaneous Apparel,Misses Apparel
3NYBP2,American Airlines Group,Misses Apparel,Apparel Blanks,Miscellaneous Apparel,Misses Apparel
YRDJKI,Air Products & Chemicals,Misses Apparel,Apparel Blanks,Miscellaneous Apparel,Misses Apparel
MC7CX6,DaVita,Misses Apparel,Apparel Blanks,Miscellaneous Apparel,Misses Apparel
5GJLFW,Williams,Misses Apparel,Apparel Blanks,Miscellaneous Apparel,Misses Apparel
72REGU,Genworth Financial,Misses Apparel,Apparel Blanks,Miscellaneous Apparel,Misses Apparel
EHRYCM,Mohawk Industries,Misses Apparel,Apparel Blanks,Miscellaneous Apparel,Misses Apparel
D3M21K,eBay,Misses Apparel,Apparel Blanks,Miscellaneous Apparel,Misses Apparel
7JACUD,Unum Group,Misses Apparel,Apparel Blanks,Miscellaneous Apparel,Misses Apparel
KGTR7M,Estee Lauder,Misses Apparel,Apparel Blanks,Miscellaneous Apparel,Misses Apparel
3XV3EP,CSX,Misses Apparel,Apparel Blanks,Miscellaneous Apparel,Misses Apparel
3V1IEZ,Fifth Third Bancorp,Misses Apparel,Apparel Blanks,Miscellaneous Apparel,Misses Apparel
0M04A2,Publix Super Markets,Misses Apparel,Apparel Blanks,Miscellaneous Apparel,Misses Apparel
OVVUXD,Peabody Energy,Misses Apparel,Apparel Blanks,Miscellaneous Apparel,Misses Apparel
IN8HHS,Arthur J. Gallagher,Misses Apparel,Apparel Blanks,Miscellaneous Apparel,Misses Apparel
UWQ8ID,Caterpillar,Misses Apparel,Apparel Blanks,Miscellaneous Apparel,Misses Apparel
2QR5PS,United States Steel,Misses Apparel,Apparel Blanks,Miscellaneous Apparel,Misses Apparel
20OXFF,Qurate Retail,Misses Apparel,Apparel Blanks,Miscellaneous Apparel,Misses Apparel
X3CW9V,Zimmer Biomet Holdings,Misses Apparel,Apparel Blanks,Miscellaneous Apparel,Misses Apparel
BO6OWS,Danaher,Misses Apparel,Apparel Blanks,Miscellaneous Apparel,Misses Apparel
4T8X59,Northern Trust,Misses Apparel,Apparel Blanks,Miscellaneous Apparel,Misses Apparel
6EQ056,Jones Lang LaSalle,Misses Apparel,Apparel Blanks,Miscellaneous Apparel,Misses Apparel
DTQABY,Sempra Energy,Misses Apparel,Apparel Blanks,Miscellaneous Apparel,Misses Apparel
2GLE0W,Baxter International,Misses Apparel,Apparel Blanks,Miscellaneous Apparel,Misses Apparel
XWZPTY,Union Pacific,Misses Apparel,Apparel Blanks,Miscellaneous Apparel,Misses Apparel
ASS3WY,Assurant,Misses Apparel,Apparel Blanks,Miscellaneous Apparel,Misses Apparel
SAUFD1,Biogen,Misses Apparel,Apparel Blanks,Miscellaneous Apparel,Misses Apparel
T71U4B,Best Buy,Misses Apparel,Apparel Blanks,Miscellaneous Apparel,Misses Apparel
ZZQQ9F,XPO Logistics,Misses Apparel,Apparel Blanks,Miscellaneous Apparel,Misses Apparel
N7L6NZ,Asbury Automotive Group,Misses Apparel,Apparel Blanks,Miscellaneous Apparel,Misses Apparel
8ZYT64,Whirlpool,Sets (Top and Bottom coordinates),Apparel Blanks,Miscellaneous Apparel,Sets (Top and Bottom coordinates)
K8GKHP,Interpublic Group,Sets (Top and Bottom coordinates),Apparel Blanks,Miscellaneous Apparel,Sets (Top and Bottom coordinates)
12HIO5,KeyCorp,Sets (Top and Bottom coordinates),Apparel Blanks,Miscellaneous Apparel,Sets (Top and Bottom coordinates)
RCN9ER,Jabil,Sets (Top and Bottom coordinates),Apparel Blanks,Miscellaneous Apparel,Sets (Top and Bottom coordinates)
XPB887,HollyFrontier,Sets (Top and Bottom coordinates),Apparel Blanks,Miscellaneous Apparel,Sets (Top and Bottom coordinates)
B0V0L4,Alphabet,Sets (Top and Bottom coordinates),Apparel Blanks,Miscellaneous Apparel,Sets (Top and Bottom coordinates)
U5794L,Raytheon,Sets (Top and Bottom coordinates),Apparel Blanks,Miscellaneous Apparel,Sets (Top and Bottom coordinates)
5QFC4J,Eversource Energy,Sets (Top and Bottom coordinates),Apparel Blanks,Miscellaneous Apparel,Sets (Top and Bottom coordinates)
C6FMAA,Mondelez International,Sets (Top and Bottom coordinates),Apparel Blanks,Miscellaneous Apparel,Sets (Top and Bottom coordinates)
1SBQZ9,Huntsman,Sets (Top and Bottom coordinates),Apparel Blanks,Miscellaneous Apparel,Sets (Top and Bottom coordinates)
W8Y1JB,HCA Healthcare,Sets (Top and Bottom coordinates),Apparel Blanks,Miscellaneous Apparel,Sets (Top and Bottom coordinates)
95HFVA,Hanesbrands,Sets (Top and Bottom coordinates),Apparel Blanks,Miscellaneous Apparel,Sets (Top and Bottom coordinates)
RVT13D,Navistar International,Sets (Top and Bottom coordinates),Apparel Blanks,Miscellaneous Apparel,Sets (Top and Bottom coordinates)
ST063N,MetLife,Sets (Top and Bottom coordinates),Apparel Blanks,Miscellaneous Apparel,Sets (Top and Bottom coordinates)
YBP2YR,Molina Healthcare,Sets (Top and Bottom coordinates),Apparel Blanks,Miscellaneous Apparel,Sets (Top and Bottom coordinates)
DJKIMC,Cisco Systems,Sets (Top and Bottom coordinates),Apparel Blanks,Miscellaneous Apparel,Sets (Top and Bottom coordinates)
7CX65G,Laboratory Corp. of America,Sets (Top and Bottom coordinates),Apparel Blanks,Miscellaneous Apparel,Sets (Top and Bottom coordinates)
JLFW72,Harley-Davidson,Sets (Top and Bottom coordinates),Apparel Blanks,Miscellaneous Apparel,Sets (Top and Bottom coordinates)
REGUEH,CDW,Tube Tops/Bandeaus,Apparel Blanks,Miscellaneous Apparel,Tube Tops/Bandeaus
RYCMD3,Aramark,Tube Tops/Bandeaus,Apparel Blanks,Miscellaneous Apparel,Tube Tops/Bandeaus
M21K7J,Western Union,Tube Tops/Bandeaus,Apparel Blanks,Miscellaneous Apparel,Tube Tops/Bandeaus
ACUDKG,Darden Restaurants,Tube Tops/Bandeaus,Apparel Blanks,Miscellaneous Apparel,Tube Tops/Bandeaus
FC4JC6,Motorola Solutions,Tube Tops/Bandeaus,Apparel Blanks,Miscellaneous Apparel,Tube Tops/Bandeaus
FMAA1S,Vistra Energy,Western Wear,Apparel Blanks,Miscellaneous Apparel,Western Wear
BQZ9W8,NGL Energy Partners,Western Wear,Apparel Blanks,Miscellaneous Apparel,Western Wear
Y1JB95,Nike,Western Wear,Apparel Blanks,Miscellaneous Apparel,Western Wear
HFVARV,Kohl's,Western Wear,Apparel Blanks,Miscellaneous Apparel,Western Wear
T13DST,AES,Oversize Apparel,Apparel Blanks,Oversize Apparel,
063NYB,Western & Southern Financial Group,Oversize Apparel,Apparel Blanks,Oversize Apparel,
P2YRDJ,Citigroup,Oversize Apparel,Apparel Blanks,Oversize Apparel,
KIMC7C,Fiserv,Oversize Apparel,Apparel Blanks,Oversize Apparel,
X65GJL,EOG Resources,Oversize Apparel,Apparel Blanks,Oversize Apparel,
FW72RE,Chesapeake Energy,Oversize Apparel,Apparel Blanks,Oversize Apparel,
GUEHRY,Valero Energy,Oversize Apparel,Apparel Blanks,Oversize Apparel,
CMD3M2,Aflac,Oversize Apparel,Apparel Blanks,Oversize Apparel,
1K7JAC,Toll Brothers,Oversize Apparel,Apparel Blanks,Oversize Apparel,
UDKGTR,LKQ,Oversize Apparel,Apparel Blanks,Oversize Apparel,
FW72RE,Chesapeake Energy,Joggers,Apparel Blanks,Pants,Joggers
GUEHRY,Valero Energy,Joggers,Apparel Blanks,Pants,Joggers
CMD3M2,Aflac,Joggers,Apparel Blanks,Pants,Joggers
1K7JAC,Toll Brothers,Sweat Pants,Apparel Blanks,Pants,Sweat Pants
UDKGTR,LKQ,Sweat Pants,Apparel Blanks,Pants,Sweat Pants
7M3XV3,WEC Energy Group,Sweat Pants,Apparel Blanks,Pants,Sweat Pants
EP3V1I,Activision Blizzard,Sweat Pants,Apparel Blanks,Pants,Sweat Pants
EZ0M04,Textron,Sweat Pants,Apparel Blanks,Pants,Sweat Pants
A2OVVU,Microsoft,Sweat Pants,Apparel Blanks,Pants,Sweat Pants
0WXWZP,Anadarko Petroleum,Other,Apparel Blanks,Performance Apparel,Other
TYASS3,USAA,Other,Apparel Blanks,Performance Apparel,Other
WYSAUF,Icahn Enterprises,Other,Apparel Blanks,Performance Apparel,Other
D1T71U,J.B. Hunt Transport Services,Soil-Resistant,Apparel Blanks,Performance Apparel,Soil-Resistant
4BZZQQ,Walt Disney,Soil-Resistant,Apparel Blanks,Performance Apparel,Soil-Resistant
9FN7L6,ADP,Soil-Resistant,Apparel Blanks,Performance Apparel,Soil-Resistant
NZ8ZYT,Xcel Energy,Soil-Resistant,Apparel Blanks,Performance Apparel,Soil-Resistant
64K8GK,INTL FCStone,U.V. Protective Apparel,Apparel Blanks,Performance Apparel,U.V. Protective Apparel
HP12HI,Allstate,U.V. Protective Apparel,Apparel Blanks,Performance Apparel,U.V. Protective Apparel
O5RCN9,Southern,U.V. Protective Apparel,Apparel Blanks,Performance Apparel,U.V. Protective Apparel
ERXPB8,HD Supply Holdings,Wrinkle-Resistant,Apparel Blanks,Performance Apparel,Wrinkle-Resistant
87B0V0,Arconic,Wrinkle-Resistant,Apparel Blanks,Performance Apparel,Wrinkle-Resistant
ERXPB8,HD Supply Holdings,Raglan T-Shirts,Apparel Blanks,T-Shirts,Raglan T-Shirts
87B0V0,Arconic,Raglan T-Shirts,Apparel Blanks,T-Shirts,Raglan T-Shirts
L4U579,Freeport-McMoRan,Raglan T-Shirts,Apparel Blanks,T-Shirts,Raglan T-Shirts
4L5QFC,Olin,Raglan T-Shirts,Apparel Blanks,T-Shirts,Raglan T-Shirts
4JC6FM,Steel Dynamics,Raglan T-Shirts,Apparel Blanks,T-Shirts,Raglan T-Shirts
AA1SBQ,Apple,Raglan T-Shirts,Apparel Blanks,T-Shirts,Raglan T-Shirts
Z9W8Y1,A-Mark Precious Metals,Raglan T-Shirts,Apparel Blanks,T-Shirts,Raglan T-Shirts
JB95HF,DISH Network,Raglan T-Shirts,Apparel Blanks,T-Shirts,Raglan T-Shirts
RCN9ER,Jabil,"T-Shirts, Other Fabrics/Blends",Apparel Blanks,T-Shirts,"T-Shirts, Other Fabrics/Blends"
XPB887,HollyFrontier,"T-Shirts, Other Fabrics/Blends",Apparel Blanks,T-Shirts,"T-Shirts, Other Fabrics/Blends"
B0V0L4,Alphabet,"T-Shirts, Other Fabrics/Blends",Apparel Blanks,T-Shirts,"T-Shirts, Other Fabrics/Blends"
U5794L,Raytheon,"T-Shirts, Other Fabrics/Blends",Apparel Blanks,T-Shirts,"T-Shirts, Other Fabrics/Blends"
5QFC4J,Eversource Energy,"T-Shirts, Other Fabrics/Blends",Apparel Blanks,T-Shirts,"T-Shirts, Other Fabrics/Blends"
C6FMAA,Mondelez International,"T-Shirts, Other Fabrics/Blends",Apparel Blanks,T-Shirts,"T-Shirts, Other Fabrics/Blends"
1SBQZ9,Huntsman,"T-Shirts, Other Fabrics/Blends",Apparel Blanks,T-Shirts,"T-Shirts, Other Fabrics/Blends"
W8Y1JB,HCA Healthcare,"T-Shirts, Other Fabrics/Blends",Apparel Blanks,T-Shirts,"T-Shirts, Other Fabrics/Blends"
95HFVA,Hanesbrands,"T-Shirts, Other Fabrics/Blends",Apparel Blanks,T-Shirts,"T-Shirts, Other Fabrics/Blends"
RVT13D,Navistar International,Tall-Size T-Shirts,Apparel Blanks,T-Shirts,Tall-Size T-Shirts
ST063N,MetLife,Tall-Size T-Shirts,Apparel Blanks,T-Shirts,Tall-Size T-Shirts
YBP2YR,Molina Healthcare,Tall-Size T-Shirts,Apparel Blanks,T-Shirts,Tall-Size T-Shirts
PS20OX,News Corp.,Tall-Size T-Shirts,Apparel Blanks,T-Shirts,Tall-Size T-Shirts
FFX3CW,Fortive,Tall-Size T-Shirts,Apparel Blanks,T-Shirts,Tall-Size T-Shirts
9VBO6O,Ally Financial,Tank Tops,Apparel Blanks,T-Shirts,Tank Tops
WS4T8X,Mastercard,Tank Tops,Apparel Blanks,T-Shirts,Tank Tops
596EQ0,Phillips 66,Tank Tops,Apparel Blanks,T-Shirts,Tank Tops
56DTQA,Broadcom,Tank Tops,Apparel Blanks,T-Shirts,Tank Tops
BY2GLE,Bed Bath & Beyond,Tank Tops,Apparel Blanks,T-Shirts,Tank Tops
W8Y1JB,HCA Healthcare,Tank Tops,Apparel Blanks,T-Shirts,Tank Tops
95HFVA,Hanesbrands,Tank Tops,Apparel Blanks,T-Shirts,Tank Tops
RVT13D,Navistar International,Tank Tops,Apparel Blanks,T-Shirts,Tank Tops
ST063N,MetLife,Tank Tops,Apparel Blanks,T-Shirts,Tank Tops
YBP2YR,Molina Healthcare,Tank Tops,Apparel Blanks,T-Shirts,Tank Tops
DJKIMC,Cisco Systems,Tank Tops,Apparel Blanks,T-Shirts,Tank Tops
7CX65G,Laboratory Corp. of America,Tank Tops,Apparel Blanks,T-Shirts,Tank Tops
ID2QR5,Principal Financial,Textured T-Shirts,Apparel Blanks,T-Shirts,Textured T-Shirts
PS20OX,News Corp.,Textured T-Shirts,Apparel Blanks,T-Shirts,Textured T-Shirts
FFX3CW,Fortive,Textured T-Shirts,Apparel Blanks,T-Shirts,Textured T-Shirts
9VBO6O,Ally Financial,Textured T-Shirts,Apparel Blanks,T-Shirts,Textured T-Shirts
WS4T8X,Mastercard,Textured T-Shirts,Apparel Blanks,T-Shirts,Textured T-Shirts
596EQ0,Phillips 66,Textured T-Shirts,Apparel Blanks,T-Shirts,Textured T-Shirts
56DTQA,Broadcom,Textured T-Shirts,Apparel Blanks,T-Shirts,Textured T-Shirts
BY2GLE,Bed Bath & Beyond,Tri-Blends,Apparel Blanks,T-Shirts,Tri-Blends
0WXWZP,Anadarko Petroleum,Tri-Blends,Apparel Blanks,T-Shirts,Tri-Blends
TYASS3,USAA,Tri-Blends,Apparel Blanks,T-Shirts,Tri-Blends
WYSAUF,Icahn Enterprises,Tri-Blends,Apparel Blanks,T-Shirts,Tri-Blends
D1T71U,J.B. Hunt Transport Services,Tri-Blends,Apparel Blanks,T-Shirts,Tri-Blends
BQZ9W8,NGL Energy Partners,V-Neck T-Shirts,Apparel Blanks,T-Shirts,V-Neck T-Shirts
Y1JB95,Nike,V-Neck T-Shirts,Apparel Blanks,T-Shirts,V-Neck T-Shirts
HFVARV,Kohl's,V-Neck T-Shirts,Apparel Blanks,T-Shirts,V-Neck T-Shirts
T13DST,AES,V-Neck T-Shirts,Apparel Blanks,T-Shirts,V-Neck T-Shirts
063NYB,Western & Southern Financial Group,V-Neck T-Shirts,Apparel Blanks,T-Shirts,V-Neck T-Shirts
P2YRDJ,Citigroup,V-Neck T-Shirts,Apparel Blanks,T-Shirts,V-Neck T-Shirts
KIMC7C,Fiserv,Thermal Apparel,Apparel Blanks,Thermal Apparel,
JB95HF,DISH Network,Twill Shirts,Apparel Blanks,Woven Apparel,Twill Shirts
VARVT1,Avis Budget Group,Twill Shirts,Apparel Blanks,Woven Apparel,Twill Shirts
3DST06,Yum China Holdings,Twill Shirts,Apparel Blanks,Woven Apparel,Twill Shirts
3NYBP2,American Airlines Group,Twill Shirts,Apparel Blanks,Woven Apparel,Twill Shirts
YRDJKI,Air Products & Chemicals,Twill Shirts,Apparel Blanks,Woven Apparel,Twill Shirts
MC7CX6,DaVita,Twill Shirts,Apparel Blanks,Woven Apparel,Twill Shirts
5GJLFW,Williams,Twill Shirts,Apparel Blanks,Woven Apparel,Twill Shirts
72REGU,Genworth Financial,Twill Shirts,Apparel Blanks,Woven Apparel,Twill Shirts
EHRYCM,Mohawk Industries,Twill Shirts,Apparel Blanks,Woven Apparel,Twill Shirts
D3M21K,eBay,Twill Shirts,Apparel Blanks,Woven Apparel,Twill Shirts
7JACUD,Unum Group,Western Shirts,Apparel Blanks,Woven Apparel,Western Shirts
KGTR7M,Estee Lauder,Western Shirts,Apparel Blanks,Woven Apparel,Western Shirts
3XV3EP,CSX,"Backpacks, Knapsacks",Blank Nonwearables & Accessories,"Backpacks, Knapsacks",
3V1IEZ,Fifth Third Bancorp,"Backpacks, Knapsacks",Blank Nonwearables & Accessories,"Backpacks, Knapsacks",
0M04A2,Publix Super Markets,"Backpacks, Knapsacks",Blank Nonwearables & Accessories,"Backpacks, Knapsacks",
OVVUXD,Peabody Energy,"Backpacks, Knapsacks",Blank Nonwearables & Accessories,"Backpacks, Knapsacks",
IN8HHS,Arthur J. Gallagher,"Backpacks, Knapsacks",Blank Nonwearables & Accessories,"Backpacks, Knapsacks",
UWQ8ID,Caterpillar,"Backpacks, Knapsacks",Blank Nonwearables & Accessories,"Backpacks, Knapsacks",
2QR5PS,United States Steel,"Backpacks, Knapsacks",Blank Nonwearables & Accessories,"Backpacks, Knapsacks",
20OXFF,Qurate Retail,"Backpacks, Knapsacks",Blank Nonwearables & Accessories,"Backpacks, Knapsacks",
X3CW9V,Zimmer Biomet Holdings,"Backpacks, Knapsacks",Blank Nonwearables & Accessories,"Backpacks, Knapsacks",
BO6OWS,Danaher,"Backpacks, Knapsacks",Blank Nonwearables & Accessories,"Backpacks, Knapsacks",
4T8X59,Northern Trust,"Backpacks, Knapsacks",Blank Nonwearables & Accessories,"Backpacks, Knapsacks",
HFVARV,Kohl's,Duffle Bags,Blank Nonwearables & Accessories,Bags,Duffle Bags
T13DST,AES,Duffle Bags,Blank Nonwearables & Accessories,Bags,Duffle Bags
063NYB,Western & Southern Financial Group,Duffle Bags,Blank Nonwearables & Accessories,Bags,Duffle Bags
P2YRDJ,Citigroup,Duffle Bags,Blank Nonwearables & Accessories,Bags,Duffle Bags
KIMC7C,Fiserv,Duffle Bags,Blank Nonwearables & Accessories,Bags,Duffle Bags
X65GJL,EOG Resources,Duffle Bags,Blank Nonwearables & Accessories,Bags,Duffle Bags
FW72RE,Chesapeake Energy,Duffle Bags,Blank Nonwearables & Accessories,Bags,Duffle Bags
GUEHRY,Valero Energy,Duffle Bags,Blank Nonwearables & Accessories,Bags,Duffle Bags
CMD3M2,Aflac,Duffle Bags,Blank Nonwearables & Accessories,Bags,Duffle Bags
1K7JAC,Toll Brothers,Duffle Bags,Blank Nonwearables & Accessories,Bags,Duffle Bags
UDKGTR,LKQ,Duffle Bags,Blank Nonwearables & Accessories,Bags,Duffle Bags
7M3XV3,WEC Energy Group,Duffle Bags,Blank Nonwearables & Accessories,Bags,Duffle Bags
EP3V1I,Activision Blizzard,Duffle Bags,Blank Nonwearables & Accessories,Bags,Duffle Bags
EZ0M04,Textron,Duffle Bags,Blank Nonwearables & Accessories,Bags,Duffle Bags
A2OVVU,Microsoft,Duffle Bags,Blank Nonwearables & Accessories,Bags,Duffle Bags
3XV3EP,CSX,Novelty Bags,Blank Nonwearables & Accessories,Bags,Novelty Bags
3V1IEZ,Fifth Third Bancorp,Novelty Bags,Blank Nonwearables & Accessories,Bags,Novelty Bags
0M04A2,Publix Super Markets,Novelty Bags,Blank Nonwearables & Accessories,Bags,Novelty Bags
OVVUXD,Peabody Energy,Novelty Bags,Blank Nonwearables & Accessories,Bags,Novelty Bags
IN8HHS,Arthur J. Gallagher,Novelty Bags,Blank Nonwearables & Accessories,Bags,Novelty Bags
UWQ8ID,Caterpillar,Novelty Bags,Blank Nonwearables & Accessories,Bags,Novelty Bags
2QR5PS,United States Steel,Novelty Bags,Blank Nonwearables & Accessories,Bags,Novelty Bags
20OXFF,Qurate Retail,Novelty Bags,Blank Nonwearables & Accessories,Bags,Novelty Bags
X3CW9V,Zimmer Biomet Holdings,Novelty Bags,Blank Nonwearables & Accessories,Bags,Novelty Bags
BO6OWS,Danaher,Novelty Bags,Blank Nonwearables & Accessories,Bags,Novelty Bags
4T8X59,Northern Trust,Novelty Bags,Blank Nonwearables & Accessories,Bags,Novelty Bags
6EQ056,Jones Lang LaSalle,"Panels, Panel Programs for Bags",Blank Nonwearables & Accessories,Bags,"Panels, Panel Programs for Bags"
DTQABY,Sempra Energy,"Panels, Panel Programs for Bags",Blank Nonwearables & Accessories,Bags,"Panels, Panel Programs for Bags"
2GLE0W,Baxter International,"Panels, Panel Programs for Bags",Blank Nonwearables & Accessories,Bags,"Panels, Panel Programs for Bags"
XWZPTY,Union Pacific,"Panels, Panel Programs for Bags",Blank Nonwearables & Accessories,Bags,"Panels, Panel Programs for Bags"
ASS3WY,Assurant,"Panels, Panel Programs for Bags",Blank Nonwearables & Accessories,Bags,"Panels, Panel Programs for Bags"
SAUFD1,Biogen,Roller Backpacks,Blank Nonwearables & Accessories,Bags,Roller Backpacks
T71U4B,Best Buy,Roller Backpacks,Blank Nonwearables & Accessories,Bags,Roller Backpacks
ZZQQ9F,XPO Logistics,Roller Backpacks,Blank Nonwearables & Accessories,Bags,Roller Backpacks
N7L6NZ,Asbury Automotive Group,Roller Backpacks,Blank Nonwearables & Accessories,Bags,Roller Backpacks
8ZYT64,Whirlpool,Roller Backpacks,Blank Nonwearables & Accessories,Bags,Roller Backpacks
K8GKHP,Interpublic Group,Roller Backpacks,Blank Nonwearables & Accessories,Bags,Roller Backpacks
12HIO5,KeyCorp,Roller Backpacks,Blank Nonwearables & Accessories,Bags,Roller Backpacks
RCN9ER,Jabil,Roller Backpacks,Blank Nonwearables & Accessories,Bags,Roller Backpacks
XPB887,HollyFrontier,Roller Backpacks,Blank Nonwearables & Accessories,Bags,Roller Backpacks
B0V0L4,Alphabet,Roller Backpacks,Blank Nonwearables & Accessories,Bags,Roller Backpacks
U5794L,Raytheon,Roller Backpacks,Blank Nonwearables & Accessories,Bags,Roller Backpacks
5QFC4J,Eversource Energy,Roller Backpacks,Blank Nonwearables & Accessories,Bags,Roller Backpacks
C6FMAA,Mondelez International,Tote Bags,Blank Nonwearables & Accessories,Bags,Tote Bags
1SBQZ9,Huntsman,Tote Bags,Blank Nonwearables & Accessories,Bags,Tote Bags
W8Y1JB,HCA Healthcare,Tote Bags,Blank Nonwearables & Accessories,Bags,Tote Bags
95HFVA,Hanesbrands,Tote Bags,Blank Nonwearables & Accessories,Bags,Tote Bags
RVT13D,Navistar International,Tote Bags,Blank Nonwearables & Accessories,Bags,Tote Bags
87B0V0,Arconic,Towels,Blank Nonwearables & Accessories,Towels,
L4U579,Freeport-McMoRan,Towels,Blank Nonwearables & Accessories,Towels,
4L5QFC,Olin,Towels,Blank Nonwearables & Accessories,Towels,
4JC6FM,Steel Dynamics,Towels,Blank Nonwearables & Accessories,Towels,
AA1SBQ,Apple,Towels,Blank Nonwearables & Accessories,Towels,
Z9W8Y1,A-Mark Precious Metals,Towels,Blank Nonwearables & Accessories,Towels,
JB95HF,DISH Network,Towels,Blank Nonwearables & Accessories,Towels,
VARVT1,Avis Budget Group,Towels,Blank Nonwearables & Accessories,Towels,
3DST06,Yum China Holdings,Towels,Blank Nonwearables & Accessories,Towels,
3NYBP2,American Airlines Group,Towels,Blank Nonwearables & Accessories,Towels,
YRDJKI,Air Products & Chemicals,Towels,Blank Nonwearables & Accessories,Towels,
MC7CX6,DaVita,Towels,Blank Nonwearables & Accessories,Towels,
5GJLFW,Williams,Umbrellas,Blank Nonwearables & Accessories,Umbrellas,
72REGU,Genworth Financial,Umbrellas,Blank Nonwearables & Accessories,Umbrellas,
EHRYCM,Mohawk Industries,Umbrellas,Blank Nonwearables & Accessories,Umbrellas,
D3M21K,eBay,Umbrellas,Blank Nonwearables & Accessories,Umbrellas,
7JACUD,Unum Group,"Business Systems, Turnkey",Computer Equipment & Software,Computer Hardware,"Business Systems, Turnkey"
KGTR7M,Estee Lauder,"Business Systems, Turnkey",Computer Equipment & Software,Computer Hardware,"Business Systems, Turnkey"
3XV3EP,CSX,"Business Systems, Turnkey",Computer Equipment & Software,Computer Hardware,"Business Systems, Turnkey"
3V1IEZ,Fifth Third Bancorp,"Business Systems, Turnkey",Computer Equipment & Software,Computer Hardware,"Business Systems, Turnkey"
0M04A2,Publix Super Markets,"Business Systems, Turnkey",Computer Equipment & Software,Computer Hardware,"Business Systems, Turnkey"
OVVUXD,Peabody Energy,"Business Systems, Turnkey",Computer Equipment & Software,Computer Hardware,"Business Systems, Turnkey"
IN8HHS,Arthur J. Gallagher,"Business Systems, Turnkey",Computer Equipment & Software,Computer Hardware,"Business Systems, Turnkey"
UWQ8ID,Caterpillar,"Business Systems, Turnkey",Computer Equipment & Software,Computer Hardware,"Business Systems, Turnkey"
2QR5PS,United States Steel,"Business Systems, Turnkey",Computer Equipment & Software,Computer Hardware,"Business Systems, Turnkey"
20OXFF,Qurate Retail,"Business Systems, Turnkey",Computer Equipment & Software,Computer Hardware,"Business Systems, Turnkey"
X3CW9V,Zimmer Biomet Holdings,"Business Systems, Turnkey",Computer Equipment & Software,Computer Hardware,"Business Systems, Turnkey"
BO6OWS,Danaher,Digital Cameras,Computer Equipment & Software,Computer Hardware,Digital Cameras
4T8X59,Northern Trust,Digital Cameras,Computer Equipment & Software,Computer Hardware,Digital Cameras
6EQ056,Jones Lang LaSalle,Digital Cameras,Computer Equipment & Software,Computer Hardware,Digital Cameras
DTQABY,Sempra Energy,Film-Imaging Systems,Computer Equipment & Software,Computer Hardware,Film-Imaging Systems
2GLE0W,Baxter International,Film-Imaging Systems,Computer Equipment & Software,Computer Hardware,Film-Imaging Systems
XWZPTY,Union Pacific,Film-Imaging Systems,Computer Equipment & Software,Computer Hardware,Film-Imaging Systems
ASS3WY,Assurant,Film-Imaging Systems,Computer Equipment & Software,Computer Hardware,Film-Imaging Systems
SAUFD1,Biogen,Film-Imaging Systems,Computer Equipment & Software,Computer Hardware,Film-Imaging Systems
T71U4B,Best Buy,Film-Imaging Systems,Computer Equipment & Software,Computer Hardware,Film-Imaging Systems
ZZQQ9F,XPO Logistics,Film-Imaging Systems,Computer Equipment & Software,Computer Hardware,Film-Imaging Systems
BQZ9W8,NGL Energy Partners,Graphics Software,Computer Equipment & Software,Computer Software,Graphics Software
Y1JB95,Nike,Graphics Software,Computer Equipment & Software,Computer Software,Graphics Software
HFVARV,Kohl's,Graphics Software,Computer Equipment & Software,Computer Software,Graphics Software
T13DST,AES,Graphics Software,Computer Equipment & Software,Computer Software,Graphics Software
063NYB,Western & Southern Financial Group,Graphics Software,Computer Equipment & Software,Computer Software,Graphics Software
P2YRDJ,Citigroup,Graphics Software,Computer Equipment & Software,Computer Software,Graphics Software
KIMC7C,Fiserv,Monogramming Software,Computer Equipment & Software,Computer Software,Monogramming Software
X65GJL,EOG Resources,Monogramming Software,Computer Equipment & Software,Computer Software,Monogramming Software
HP12HI,Allstate,Networking Software,Computer Equipment & Software,Computer Software,Networking Software
O5RCN9,Southern,Networking Software,Computer Equipment & Software,Computer Software,Networking Software
ERXPB8,HD Supply Holdings,Networking Software,Computer Equipment & Software,Computer Software,Networking Software
87B0V0,Arconic,Networking Software,Computer Equipment & Software,Computer Software,Networking Software
L4U579,Freeport-McMoRan,Networking Software,Computer Equipment & Software,Computer Software,Networking Software
4L5QFC,Olin,Separations Software,Computer Equipment & Software,Computer Software,Separations Software
4JC6FM,Steel Dynamics,Separations Software,Computer Equipment & Software,Computer Software,Separations Software
AA1SBQ,Apple,Separations Software,Computer Equipment & Software,Computer Software,Separations Software
Z9W8Y1,A-Mark Precious Metals,Separations Software,Computer Equipment & Software,Computer Software,Separations Software
2QR5PS,United States Steel,Separations Software,Computer Equipment & Software,Computer Software,Separations Software
20OXFF,Qurate Retail,Separations Software,Computer Equipment & Software,Computer Software,Separations Software
X3CW9V,Zimmer Biomet Holdings,Cutting Software,Cutting Equipment & Services,Cutting Software,
BO6OWS,Danaher,Cutting Software,Cutting Equipment & Services,Cutting Software,
4T8X59,Northern Trust,Cutting Software,Cutting Equipment & Services,Cutting Software,
6EQ056,Jones Lang LaSalle,Cutting Software,Cutting Equipment & Services,Cutting Software,
DTQABY,Sempra Energy,Cutting Software,Cutting Equipment & Services,Cutting Software,
2GLE0W,Baxter International,Cutting Software,Cutting Equipment & Services,Cutting Software,
XWZPTY,Union Pacific,Cutting Software,Cutting Equipment & Services,Cutting Software,
ASS3WY,Assurant,Cutting Software,Cutting Equipment & Services,Cutting Software,
7M3XV3,WEC Energy Group,Vinyl Cutters,Cutting Equipment & Services,Vinyl Cutters,
EP3V1I,Activision Blizzard,Vinyl Cutters,Cutting Equipment & Services,Vinyl Cutters,
EZ0M04,Textron,Vinyl Cutters,Cutting Equipment & Services,Vinyl Cutters,
A2OVVU,Microsoft,Vinyl Cutters,Cutting Equipment & Services,Vinyl Cutters,
XDIN8H,Dean Foods,Color Laser Copier Toners,Digital Decorating Equipment & Supplies,Color Laser Copier,Color Laser Copier Toners
HSUWQ8,Tenneco,Color Laser Copier Toners,Digital Decorating Equipment & Supplies,Color Laser Copier,Color Laser Copier Toners
ID2QR5,Principal Financial,Color Laser Copier Toners,Digital Decorating Equipment & Supplies,Color Laser Copier,Color Laser Copier Toners
ASS3WY,Assurant,Inkjet Transfer Paper,Digital Decorating Equipment & Supplies,Inkjet,Inkjet Transfer Paper
SAUFD1,Biogen,Inkjet Transfer Paper,Digital Decorating Equipment & Supplies,Inkjet,Inkjet Transfer Paper
T71U4B,Best Buy,Inkjet Transfer Paper,Digital Decorating Equipment & Supplies,Inkjet,Inkjet Transfer Paper
ZZQQ9F,XPO Logistics,Inkjet Transfer Paper,Digital Decorating Equipment & Supplies,Inkjet,Inkjet Transfer Paper
N7L6NZ,Asbury Automotive Group,Inkjet Transfer Paper,Digital Decorating Equipment & Supplies,Inkjet,Inkjet Transfer Paper
8ZYT64,Whirlpool,Inkjet Transfer Paper,Digital Decorating Equipment & Supplies,Inkjet,Inkjet Transfer Paper
6EQ056,Jones Lang LaSalle,Compact Embroidery Machines,Embroidery Equipment & Supplies,Embroidery Equipment,Compact Embroidery Machines
DTQABY,Sempra Energy,Compact Embroidery Machines,Embroidery Equipment & Supplies,Embroidery Equipment,Compact Embroidery Machines
2GLE0W,Baxter International,Compact Embroidery Machines,Embroidery Equipment & Supplies,Embroidery Equipment,Compact Embroidery Machines
XWZPTY,Union Pacific,Compact Embroidery Machines,Embroidery Equipment & Supplies,Embroidery Equipment,Compact Embroidery Machines
ASS3WY,Assurant,Compact Embroidery Machines,Embroidery Equipment & Supplies,Embroidery Equipment,Compact Embroidery Machines
SAUFD1,Biogen,Compact Embroidery Machines,Embroidery Equipment & Supplies,Embroidery Equipment,Compact Embroidery Machines
JLFW72,Harley-Davidson,Topping Materials,Embroidery Equipment & Supplies,Topping Materials,
REGUEH,CDW,Topping Materials,Embroidery Equipment & Supplies,Topping Materials,
RYCMD3,Aramark,Topping Materials,Embroidery Equipment & Supplies,Topping Materials,
M21K7J,Western Union,Topping Materials,Embroidery Equipment & Supplies,Topping Materials,
ACUDKG,Darden Restaurants,Film Adhesives,"Heat-Applied Graphics Equipment, Lettering & Transfers","Heat-Press, Lettering Supplies",Film Adhesives
FC4JC6,Motorola Solutions,Film Adhesives,"Heat-Applied Graphics Equipment, Lettering & Transfers","Heat-Press, Lettering Supplies",Film Adhesives
FMAA1S,Vistra Energy,Film Adhesives,"Heat-Applied Graphics Equipment, Lettering & Transfers","Heat-Press, Lettering Supplies",Film Adhesives
BQZ9W8,NGL Energy Partners,Film Adhesives,"Heat-Applied Graphics Equipment, Lettering & Transfers","Heat-Press, Lettering Supplies",Film Adhesives
Y1JB95,Nike,Film Adhesives,"Heat-Applied Graphics Equipment, Lettering & Transfers","Heat-Press, Lettering Supplies",Film Adhesives
HFVARV,Kohl's,Film Adhesives,"Heat-Applied Graphics Equipment, Lettering & Transfers","Heat-Press, Lettering Supplies",Film Adhesives
T13DST,AES,Film Adhesives,"Heat-Applied Graphics Equipment, Lettering & Transfers","Heat-Press, Lettering Supplies",Film Adhesives
KIMC7C,Fiserv,Softhand Transfer Inks,"Heat-Applied Graphics Equipment, Lettering & Transfers",Transfer Screen Printing Inks & Supplies,Softhand Transfer Inks
X65GJL,EOG Resources,Softhand Transfer Inks,"Heat-Applied Graphics Equipment, Lettering & Transfers",Transfer Screen Printing Inks & Supplies,Softhand Transfer Inks
FW72RE,Chesapeake Energy,Softhand Transfer Inks,"Heat-Applied Graphics Equipment, Lettering & Transfers",Transfer Screen Printing Inks & Supplies,Softhand Transfer Inks
GUEHRY,Valero Energy,Softhand Transfer Inks,"Heat-Applied Graphics Equipment, Lettering & Transfers",Transfer Screen Printing Inks & Supplies,Softhand Transfer Inks
CMD3M2,Aflac,Softhand Transfer Inks,"Heat-Applied Graphics Equipment, Lettering & Transfers",Transfer Screen Printing Inks & Supplies,Softhand Transfer Inks
1K7JAC,Toll Brothers,Softhand Transfer Inks,"Heat-Applied Graphics Equipment, Lettering & Transfers",Transfer Screen Printing Inks & Supplies,Softhand Transfer Inks
UDKGTR,LKQ,Softhand Transfer Inks,"Heat-Applied Graphics Equipment, Lettering & Transfers",Transfer Screen Printing Inks & Supplies,Softhand Transfer Inks
7M3XV3,WEC Energy Group,Softhand Transfer Inks,"Heat-Applied Graphics Equipment, Lettering & Transfers",Transfer Screen Printing Inks & Supplies,Softhand Transfer Inks
EP3V1I,Activision Blizzard,Softhand Transfer Inks,"Heat-Applied Graphics Equipment, Lettering & Transfers",Transfer Screen Printing Inks & Supplies,Softhand Transfer Inks
EZ0M04,Textron,Softhand Transfer Inks,"Heat-Applied Graphics Equipment, Lettering & Transfers",Transfer Screen Printing Inks & Supplies,Softhand Transfer Inks
A2OVVU,Microsoft,Cap-Size Transfers,"Heat-Applied Graphics Equipment, Lettering & Transfers",Transfers,Cap-Size Transfers
XDIN8H,Dean Foods,Cap-Size Transfers,"Heat-Applied Graphics Equipment, Lettering & Transfers",Transfers,Cap-Size Transfers
HSUWQ8,Tenneco,Cap-Size Transfers,"Heat-Applied Graphics Equipment, Lettering & Transfers",Transfers,Cap-Size Transfers
ID2QR5,Principal Financial,Cap-Size Transfers,"Heat-Applied Graphics Equipment, Lettering & Transfers",Transfers,Cap-Size Transfers
PS20OX,News Corp.,Cap-Size Transfers,"Heat-Applied Graphics Equipment, Lettering & Transfers",Transfers,Cap-Size Transfers
FFX3CW,Fortive,Cap-Size Transfers,"Heat-Applied Graphics Equipment, Lettering & Transfers",Transfers,Cap-Size Transfers
9VBO6O,Ally Financial,Cap-Size Transfers,"Heat-Applied Graphics Equipment, Lettering & Transfers",Transfers,Cap-Size Transfers
0M04A2,Publix Super Markets,Cut-and-Sew Contract Services,"Miscellaneous Equipment, Supplies & Industry Services",Cut-and-Sew Contract Services,
OVVUXD,Peabody Energy,Cut-and-Sew Contract Services,"Miscellaneous Equipment, Supplies & Industry Services",Cut-and-Sew Contract Services,
IN8HHS,Arthur J. Gallagher,Cut-and-Sew Contract Services,"Miscellaneous Equipment, Supplies & Industry Services",Cut-and-Sew Contract Services,
UWQ8ID,Caterpillar,Flock Adhesives,"Miscellaneous Equipment, Supplies & Industry Services",Direct Flocking Equipment & Supplies,Flock Adhesives
2QR5PS,United States Steel,Flock Adhesives,"Miscellaneous Equipment, Supplies & Industry Services",Direct Flocking Equipment & Supplies,Flock Adhesives
20OXFF,Qurate Retail,Flock Adhesives,"Miscellaneous Equipment, Supplies & Industry Services",Direct Flocking Equipment & Supplies,Flock Adhesives
X3CW9V,Zimmer Biomet Holdings,Flock Adhesives,"Miscellaneous Equipment, Supplies & Industry Services",Direct Flocking Equipment & Supplies,Flock Adhesives
BO6OWS,Danaher,Flock Adhesives,"Miscellaneous Equipment, Supplies & Industry Services",Direct Flocking Equipment & Supplies,Flock Adhesives
4T8X59,Northern Trust,Flock Adhesives,"Miscellaneous Equipment, Supplies & Industry Services",Direct Flocking Equipment & Supplies,Flock Adhesives
6EQ056,Jones Lang LaSalle,Flock Adhesives,"Miscellaneous Equipment, Supplies & Industry Services",Direct Flocking Equipment & Supplies,Flock Adhesives
DTQABY,Sempra Energy,Flock Adhesives,"Miscellaneous Equipment, Supplies & Industry Services",Direct Flocking Equipment & Supplies,Flock Adhesives
2GLE0W,Baxter International,Flock Adhesives,"Miscellaneous Equipment, Supplies & Industry Services",Direct Flocking Equipment & Supplies,Flock Adhesives
XWZPTY,Union Pacific,Flock Adhesives,"Miscellaneous Equipment, Supplies & Industry Services",Direct Flocking Equipment & Supplies,Flock Adhesives
ASS3WY,Assurant,Flock Adhesives,"Miscellaneous Equipment, Supplies & Industry Services",Direct Flocking Equipment & Supplies,Flock Adhesives
SAUFD1,Biogen,Flock Transfer Paper,"Miscellaneous Equipment, Supplies & Industry Services",Direct Flocking Equipment & Supplies,Flock Transfer Paper
T71U4B,Best Buy,Flock Transfer Paper,"Miscellaneous Equipment, Supplies & Industry Services",Direct Flocking Equipment & Supplies,Flock Transfer Paper
ZZQQ9F,XPO Logistics,Flock Transfer Paper,"Miscellaneous Equipment, Supplies & Industry Services",Direct Flocking Equipment & Supplies,Flock Transfer Paper
N7L6NZ,Asbury Automotive Group,Flock Transfer Paper,"Miscellaneous Equipment, Supplies & Industry Services",Direct Flocking Equipment & Supplies,Flock Transfer Paper
8ZYT64,Whirlpool,Flock Transfer Paper,"Miscellaneous Equipment, Supplies & Industry Services",Direct Flocking Equipment & Supplies,Flock Transfer Paper
K8GKHP,Interpublic Group,Flocking Equipment,"Miscellaneous Equipment, Supplies & Industry Services",Direct Flocking Equipment & Supplies,Flocking Equipment
12HIO5,KeyCorp,Flocking Equipment,"Miscellaneous Equipment, Supplies & Industry Services",Direct Flocking Equipment & Supplies,Flocking Equipment
RCN9ER,Jabil,Flocking Equipment,"Miscellaneous Equipment, Supplies & Industry Services",Direct Flocking Equipment & Supplies,Flocking Equipment
XPB887,HollyFrontier,Flocking Equipment,"Miscellaneous Equipment, Supplies & Industry Services",Direct Flocking Equipment & Supplies,Flocking Equipment
B0V0L4,Alphabet,Flocking Equipment,"Miscellaneous Equipment, Supplies & Industry Services",Direct Flocking Equipment & Supplies,Flocking Equipment
U5794L,Raytheon,Flocking Equipment,"Miscellaneous Equipment, Supplies & Industry Services",Direct Flocking Equipment & Supplies,Flocking Equipment
5QFC4J,Eversource Energy,Flocking Equipment,"Miscellaneous Equipment, Supplies & Industry Services",Direct Flocking Equipment & Supplies,Flocking Equipment
C6FMAA,Mondelez International,Loose Flock,"Miscellaneous Equipment, Supplies & Industry Services",Direct Flocking Equipment & Supplies,Loose Flock
1SBQZ9,Huntsman,Loose Flock,"Miscellaneous Equipment, Supplies & Industry Services",Direct Flocking Equipment & Supplies,Loose Flock
W8Y1JB,HCA Healthcare,Loose Flock,"Miscellaneous Equipment, Supplies & Industry Services",Direct Flocking Equipment & Supplies,Loose Flock
95HFVA,Hanesbrands,Loose Flock,"Miscellaneous Equipment, Supplies & Industry Services",Direct Flocking Equipment & Supplies,Loose Flock
RVT13D,Navistar International,"Display Supplies, Fixtures & Accessories","Miscellaneous Equipment, Supplies & Industry Services","Display Supplies, Fixtures & Accessories",
ST063N,MetLife,"Display Supplies, Fixtures & Accessories","Miscellaneous Equipment, Supplies & Industry Services","Display Supplies, Fixtures & Accessories",
YBP2YR,Molina Healthcare,"Display Supplies, Fixtures & Accessories","Miscellaneous Equipment, Supplies & Industry Services","Display Supplies, Fixtures & Accessories",
DJKIMC,Cisco Systems,"Display Supplies, Fixtures & Accessories","Miscellaneous Equipment, Supplies & Industry Services","Display Supplies, Fixtures & Accessories",
7CX65G,Laboratory Corp. of America,"Display Supplies, Fixtures & Accessories","Miscellaneous Equipment, Supplies & Industry Services","Display Supplies, Fixtures & Accessories",
JLFW72,Harley-Davidson,"Display Supplies, Fixtures & Accessories","Miscellaneous Equipment, Supplies & Industry Services","Display Supplies, Fixtures & Accessories",
REGUEH,CDW,"Display Supplies, Fixtures & Accessories","Miscellaneous Equipment, Supplies & Industry Services","Display Supplies, Fixtures & Accessories",
RYCMD3,Aramark,"Display Supplies, Fixtures & Accessories","Miscellaneous Equipment, Supplies & Industry Services","Display Supplies, Fixtures & Accessories",
M21K7J,Western Union,"Display Supplies, Fixtures & Accessories","Miscellaneous Equipment, Supplies & Industry Services","Display Supplies, Fixtures & Accessories",
ACUDKG,Darden Restaurants,Digital Decorating Educational Seminars,"Miscellaneous Equipment, Supplies & Industry Services",Educational Seminars,Digital Decorating Educational Seminars
FC4JC6,Motorola Solutions,Embroidery Educational Seminars,"Miscellaneous Equipment, Supplies & Industry Services",Educational Seminars,Embroidery Educational Seminars
FMAA1S,Vistra Energy,Embroidery Educational Seminars,"Miscellaneous Equipment, Supplies & Industry Services",Educational Seminars,Embroidery Educational Seminars
BQZ9W8,NGL Energy Partners,Embroidery Educational Seminars,"Miscellaneous Equipment, Supplies & Industry Services",Educational Seminars,Embroidery Educational Seminars
Y1JB95,Nike,Embroidery Educational Seminars,"Miscellaneous Equipment, Supplies & Industry Services",Educational Seminars,Embroidery Educational Seminars
HFVARV,Kohl's,Embroidery Educational Seminars,"Miscellaneous Equipment, Supplies & Industry Services",Educational Seminars,Embroidery Educational Seminars
T13DST,AES,Embroidery Educational Seminars,"Miscellaneous Equipment, Supplies & Industry Services",Educational Seminars,Embroidery Educational Seminars
063NYB,Western & Southern Financial Group,Embroidery Educational Seminars,"Miscellaneous Equipment, Supplies & Industry Services",Educational Seminars,Embroidery Educational Seminars
P2YRDJ,Citigroup,Embroidery Educational Seminars,"Miscellaneous Equipment, Supplies & Industry Services",Educational Seminars,Embroidery Educational Seminars
KIMC7C,Fiserv,Embroidery Educational Seminars,"Miscellaneous Equipment, Supplies & Industry Services",Educational Seminars,Embroidery Educational Seminars
X65GJL,EOG Resources,Embroidery Educational Seminars,"Miscellaneous Equipment, Supplies & Industry Services",Educational Seminars,Embroidery Educational Seminars
KGTR7M,Estee Lauder,Screen Printing Educational Seminars,"Miscellaneous Equipment, Supplies & Industry Services",Educational Seminars,Screen Printing Educational Seminars
3XV3EP,CSX,Screen Printing Educational Seminars,"Miscellaneous Equipment, Supplies & Industry Services",Educational Seminars,Screen Printing Educational Seminars
3V1IEZ,Fifth Third Bancorp,Screen Printing Educational Seminars,"Miscellaneous Equipment, Supplies & Industry Services",Educational Seminars,Screen Printing Educational Seminars
0M04A2,Publix Super Markets,Screen Printing Educational Seminars,"Miscellaneous Equipment, Supplies & Industry Services",Educational Seminars,Screen Printing Educational Seminars
OVVUXD,Peabody Energy,Screen Printing Educational Seminars,"Miscellaneous Equipment, Supplies & Industry Services",Educational Seminars,Screen Printing Educational Seminars
IN8HHS,Arthur J. Gallagher,"Emblems, Patches & Chenille Service","Miscellaneous Equipment, Supplies & Industry Services","Emblems, Patches & Chenille Service",
UWQ8ID,Caterpillar,"Emblems, Patches & Chenille Service","Miscellaneous Equipment, Supplies & Industry Services","Emblems, Patches & Chenille Service",
2QR5PS,United States Steel,"Emblems, Patches & Chenille Service","Miscellaneous Equipment, Supplies & Industry Services","Emblems, Patches & Chenille Service",
20OXFF,Qurate Retail,"Emblems, Patches & Chenille Service","Miscellaneous Equipment, Supplies & Industry Services","Emblems, Patches & Chenille Service",
X3CW9V,Zimmer Biomet Holdings,"Emblems, Patches & Chenille Service","Miscellaneous Equipment, Supplies & Industry Services","Emblems, Patches & Chenille Service",
BO6OWS,Danaher,"Emblems, Patches & Chenille Service","Miscellaneous Equipment, Supplies & Industry Services","Emblems, Patches & Chenille Service",
1SBQZ9,Huntsman,Hand Cleaners,"Miscellaneous Equipment, Supplies & Industry Services",Hand Cleaners,
W8Y1JB,HCA Healthcare,Hand Cleaners,"Miscellaneous Equipment, Supplies & Industry Services",Hand Cleaners,
95HFVA,Hanesbrands,Hand Cleaners,"Miscellaneous Equipment, Supplies & Industry Services",Hand Cleaners,
RVT13D,Navistar International,Hand Cleaners,"Miscellaneous Equipment, Supplies & Industry Services",Hand Cleaners,
ST063N,MetLife,Hand Cleaners,"Miscellaneous Equipment, Supplies & Industry Services",Hand Cleaners,
YBP2YR,Molina Healthcare,Hand Cleaners,"Miscellaneous Equipment, Supplies & Industry Services",Hand Cleaners,
DJKIMC,Cisco Systems,Hand Cleaners,"Miscellaneous Equipment, Supplies & Industry Services",Hand Cleaners,
7CX65G,Laboratory Corp. of America,Hand Cleaners,"Miscellaneous Equipment, Supplies & Industry Services",Hand Cleaners,
JLFW72,Harley-Davidson,Hand Cleaners,"Miscellaneous Equipment, Supplies & Industry Services",Hand Cleaners,
596EQ0,Phillips 66,Concentrated Pigments,Screen Printing Equipment & Supplies,Inks for Textile Screen Printing,Concentrated Pigments
56DTQA,Broadcom,Concentrated Pigments,Screen Printing Equipment & Supplies,Inks for Textile Screen Printing,Concentrated Pigments
BY2GLE,Bed Bath & Beyond,Concentrated Pigments,Screen Printing Equipment & Supplies,Inks for Textile Screen Printing,Concentrated Pigments
0WXWZP,Anadarko Petroleum,Concentrated Pigments,Screen Printing Equipment & Supplies,Inks for Textile Screen Printing,Concentrated Pigments
TYASS3,USAA,Concentrated Pigments,Screen Printing Equipment & Supplies,Inks for Textile Screen Printing,Concentrated Pigments
WYSAUF,Icahn Enterprises,Concentrated Pigments,Screen Printing Equipment & Supplies,Inks for Textile Screen Printing,Concentrated Pigments
X65GJL,EOG Resources,Discharge Ink Systems,Screen Printing Equipment & Supplies,Inks for Textile Screen Printing,Discharge Ink Systems
FW72RE,Chesapeake Energy,Discharge Ink Systems,Screen Printing Equipment & Supplies,Inks for Textile Screen Printing,Discharge Ink Systems
GUEHRY,Valero Energy,Discharge Ink Systems,Screen Printing Equipment & Supplies,Inks for Textile Screen Printing,Discharge Ink Systems
CMD3M2,Aflac,Discharge Ink Systems,Screen Printing Equipment & Supplies,Inks for Textile Screen Printing,Discharge Ink Systems
1K7JAC,Toll Brothers,"Fluorescent, Neon Inks",Screen Printing Equipment & Supplies,Inks for Textile Screen Printing,"Fluorescent, Neon Inks"
UDKGTR,LKQ,"Fluorescent, Neon Inks",Screen Printing Equipment & Supplies,Inks for Textile Screen Printing,"Fluorescent, Neon Inks"
7M3XV3,WEC Energy Group,"Fluorescent, Neon Inks",Screen Printing Equipment & Supplies,Inks for Textile Screen Printing,"Fluorescent, Neon Inks"
EP3V1I,Activision Blizzard,"Fluorescent, Neon Inks",Screen Printing Equipment & Supplies,Inks for Textile Screen Printing,"Fluorescent, Neon Inks"
EZ0M04,Textron,"Fluorescent, Neon Inks",Screen Printing Equipment & Supplies,Inks for Textile Screen Printing,"Fluorescent, Neon Inks"
A2OVVU,Microsoft,"Fluorescent, Neon Inks",Screen Printing Equipment & Supplies,Inks for Textile Screen Printing,"Fluorescent, Neon Inks"
XDIN8H,Dean Foods,"Fluorescent, Neon Inks",Screen Printing Equipment & Supplies,Inks for Textile Screen Printing,"Fluorescent, Neon Inks"
X65GJL,EOG Resources,Drying Racks,Screen Printing Equipment & Supplies,"Printing Equipment, Supplies & Services",Drying Racks
FW72RE,Chesapeake Energy,Drying Racks,Screen Printing Equipment & Supplies,"Printing Equipment, Supplies & Services",Drying Racks
GUEHRY,Valero Energy,Drying Racks,Screen Printing Equipment & Supplies,"Printing Equipment, Supplies & Services",Drying Racks
CMD3M2,Aflac,Drying Racks,Screen Printing Equipment & Supplies,"Printing Equipment, Supplies & Services",Drying Racks
1K7JAC,Toll Brothers,Drying Racks,Screen Printing Equipment & Supplies,"Printing Equipment, Supplies & Services",Drying Racks
UDKGTR,LKQ,Drying Racks,Screen Printing Equipment & Supplies,"Printing Equipment, Supplies & Services",Drying Racks
7M3XV3,WEC Energy Group,Drying Racks,Screen Printing Equipment & Supplies,"Printing Equipment, Supplies & Services",Drying Racks
EP3V1I,Activision Blizzard,Drying Racks,Screen Printing Equipment & Supplies,"Printing Equipment, Supplies & Services",Drying Racks
EZ0M04,Textron,Drying Racks,Screen Printing Equipment & Supplies,"Printing Equipment, Supplies & Services",Drying Racks
3DST06,Yum China Holdings,Eco-Friendly Printing Supplies,Screen Printing Equipment & Supplies,"Printing Equipment, Supplies & Services",Eco-Friendly Printing Supplies
3NYBP2,American Airlines Group,Eco-Friendly Printing Supplies,Screen Printing Equipment & Supplies,"Printing Equipment, Supplies & Services",Eco-Friendly Printing Supplies
YRDJKI,Air Products & Chemicals,Eco-Friendly Printing Supplies,Screen Printing Equipment & Supplies,"Printing Equipment, Supplies & Services",Eco-Friendly Printing Supplies
MC7CX6,DaVita,Eco-Friendly Printing Supplies,Screen Printing Equipment & Supplies,"Printing Equipment, Supplies & Services",Eco-Friendly Printing Supplies
5GJLFW,Williams,Eco-Friendly Printing Supplies,Screen Printing Equipment & Supplies,"Printing Equipment, Supplies & Services",Eco-Friendly Printing Supplies
72REGU,Genworth Financial,Eco-Friendly Printing Supplies,Screen Printing Equipment & Supplies,"Printing Equipment, Supplies & Services",Eco-Friendly Printing Supplies
K8GKHP,Interpublic Group,Flatbed Transfer-Printing Presses,Screen Printing Equipment & Supplies,"Printing Equipment, Supplies & Services",Flatbed Transfer-Printing Presses
12HIO5,KeyCorp,Flatbed Transfer-Printing Presses,Screen Printing Equipment & Supplies,"Printing Equipment, Supplies & Services",Flatbed Transfer-Printing Presses
EP3V1I,Activision Blizzard,Transfer-Release Paper,Screen Printing Equipment & Supplies,"Printing Equipment, Supplies & Services",Transfer-Release Paper
EZ0M04,Textron,Transfer-Release Paper,Screen Printing Equipment & Supplies,"Printing Equipment, Supplies & Services",Transfer-Release Paper
A2OVVU,Microsoft,Transfer-Release Paper,Screen Printing Equipment & Supplies,"Printing Equipment, Supplies & Services",Transfer-Release Paper
XDIN8H,Dean Foods,Transfer-Release Paper,Screen Printing Equipment & Supplies,"Printing Equipment, Supplies & Services",Transfer-Release Paper
HSUWQ8,Tenneco,Transfer-Release Paper,Screen Printing Equipment & Supplies,"Printing Equipment, Supplies & Services",Transfer-Release Paper
ID2QR5,Principal Financial,Transfer-Release Paper,Screen Printing Equipment & Supplies,"Printing Equipment, Supplies & Services",Transfer-Release Paper
PS20OX,News Corp.,Transfer-Release Paper,Screen Printing Equipment & Supplies,"Printing Equipment, Supplies & Services",Transfer-Release Paper
FFX3CW,Fortive,Transfer-Release Paper,Screen Printing Equipment & Supplies,"Printing Equipment, Supplies & Services",Transfer-Release Paper
9VBO6O,Ally Financial,Transfer-Release Paper,Screen Printing Equipment & Supplies,"Printing Equipment, Supplies & Services",Transfer-Release Paper
WS4T8X,Mastercard,Transfer-Release Paper,Screen Printing Equipment & Supplies,"Printing Equipment, Supplies & Services",Transfer-Release Paper
596EQ0,Phillips 66,Transfer-Release Paper,Screen Printing Equipment & Supplies,"Printing Equipment, Supplies & Services",Transfer-Release Paper
56DTQA,Broadcom,Transfer-Release Paper,Screen Printing Equipment & Supplies,"Printing Equipment, Supplies & Services",Transfer-Release Paper
BY2GLE,Bed Bath & Beyond,Transfer-Release Paper,Screen Printing Equipment & Supplies,"Printing Equipment, Supplies & Services",Transfer-Release Paper
0WXWZP,Anadarko Petroleum,Transfer-Release Paper,Screen Printing Equipment & Supplies,"Printing Equipment, Supplies & Services",Transfer-Release Paper
TYASS3,USAA,Used Screen Printing Equipment,Screen Printing Equipment & Supplies,"Printing Equipment, Supplies & Services",Used Screen Printing Equipment
WYSAUF,Icahn Enterprises,Used Screen Printing Equipment,Screen Printing Equipment & Supplies,"Printing Equipment, Supplies & Services",Used Screen Printing Equipment
D1T71U,J.B. Hunt Transport Services,Used Screen Printing Equipment,Screen Printing Equipment & Supplies,"Printing Equipment, Supplies & Services",Used Screen Printing Equipment
4BZZQQ,Walt Disney,Used Screen Printing Equipment,Screen Printing Equipment & Supplies,"Printing Equipment, Supplies & Services",Used Screen Printing Equipment
9FN7L6,ADP,Used Screen Printing Equipment,Screen Printing Equipment & Supplies,"Printing Equipment, Supplies & Services",Used Screen Printing Equipment
NZ8ZYT,Xcel Energy,Used Screen Printing Equipment,Screen Printing Equipment & Supplies,"Printing Equipment, Supplies & Services",Used Screen Printing Equipment
64K8GK,INTL FCStone,Used Screen Printing Equipment,Screen Printing Equipment & Supplies,"Printing Equipment, Supplies & Services",Used Screen Printing Equipment
HP12HI,Allstate,Used Screen Printing Equipment,Screen Printing Equipment & Supplies,"Printing Equipment, Supplies & Services",Used Screen Printing Equipment
O5RCN9,Southern,Used Screen Printing Equipment,Screen Printing Equipment & Supplies,"Printing Equipment, Supplies & Services",Used Screen Printing Equipment
ERXPB8,HD Supply Holdings,Used Screen Printing Equipment,Screen Printing Equipment & Supplies,"Printing Equipment, Supplies & Services",Used Screen Printing Equipment
87B0V0,Arconic,Used Screen Printing Equipment,Screen Printing Equipment & Supplies,"Printing Equipment, Supplies & Services",Used Screen Printing Equipment
L4U579,Freeport-McMoRan,Used Screen Printing Equipment,Screen Printing Equipment & Supplies,"Printing Equipment, Supplies & Services",Used Screen Printing Equipment
2GLE0W,Baxter International,Frames: Retensionable,Screen Printing Equipment & Supplies,Screen-Making Equipment & Supplies,Frames: Retensionable
5QFC4J,Eversource Energy,Frames: Retensionable,Screen Printing Equipment & Supplies,Screen-Making Equipment & Supplies,Frames: Retensionable
C6FMAA,Mondelez International,Frames: Retensionable,Screen Printing Equipment & Supplies,Screen-Making Equipment & Supplies,Frames: Retensionable
1SBQZ9,Huntsman,Frames: Retensionable,Screen Printing Equipment & Supplies,Screen-Making Equipment & Supplies,Frames: Retensionable
W8Y1JB,HCA Healthcare,Frames: Wood,Screen Printing Equipment & Supplies,Screen-Making Equipment & Supplies,Frames: Wood
95HFVA,Hanesbrands,Frames: Wood,Screen Printing Equipment & Supplies,Screen-Making Equipment & Supplies,Frames: Wood
RVT13D,Navistar International,Frames: Wood,Screen Printing Equipment & Supplies,Screen-Making Equipment & Supplies,Frames: Wood
ST063N,MetLife,Frames: Wood,Screen Printing Equipment & Supplies,Screen-Making Equipment & Supplies,Frames: Wood
NZ8ZYT,Xcel Energy,"Washout Tanks, Booths",Screen Printing Equipment & Supplies,Screen-Reclaiming Equipment & Supplies,"Washout Tanks, Booths"
64K8GK,INTL FCStone,"Washout Tanks, Booths",Screen Printing Equipment & Supplies,Screen-Reclaiming Equipment & Supplies,"Washout Tanks, Booths"
HP12HI,Allstate,"Washout Tanks, Booths",Screen Printing Equipment & Supplies,Screen-Reclaiming Equipment & Supplies,"Washout Tanks, Booths"
O5RCN9,Southern,"Washout Tanks, Booths",Screen Printing Equipment & Supplies,Screen-Reclaiming Equipment & Supplies,"Washout Tanks, Booths"
ERXPB8,HD Supply Holdings,"Washout Tanks, Booths",Screen Printing Equipment & Supplies,Screen-Reclaiming Equipment & Supplies,"Washout Tanks, Booths"
87B0V0,Arconic,"Washout Tanks, Booths",Screen Printing Equipment & Supplies,Screen-Reclaiming Equipment & Supplies,"Washout Tanks, Booths"
GUEHRY,Valero Energy,Separations Software,Screen Printing Equipment & Supplies,Separations Software,
CMD3M2,Aflac,Separations Software,Screen Printing Equipment & Supplies,Separations Software,
PS20OX,News Corp.,Separations Software,Screen Printing Equipment & Supplies,Separations Software,
FFX3CW,Fortive,"Misc. Equipment, Supplies & Industry Services",Services,"Misc. Equipment, Supplies & Industry Services",
9VBO6O,Ally Financial,"Misc. Equipment, Supplies & Industry Services",Services,"Misc. Equipment, Supplies & Industry Services",
WS4T8X,Mastercard,"Misc. Equipment, Supplies & Industry Services",Services,"Misc. Equipment, Supplies & Industry Services",
596EQ0,Phillips 66,"Misc. Equipment, Supplies & Industry Services",Services,"Misc. Equipment, Supplies & Industry Services",
