CompanyName,CategoryPath,,CategoryName
Cisco Systems,Architects/Designers,Architects,Architects
Kraft Heinz,Architects/Designers,Architects,Architects
Booz Allen Hamilton,Architects/Designers,Architects,Architects
BJ's Wholesale Club,Architects/Designers,Architects,Architects
Farmers Insurance Exchange,Architects/Designers,Architects,Architects
Illinois Tool Works,Architects/Designers,Architects,Architects
Sanmina,Architects/Designers,Architects,Architects
Jacobs Engineering Group,Architects/Designers,Architects,Architects
Tractor Supply,Architects/Designers,Architects,Architects
Delek US Holdings,Architects/Designers,Architects,Architects
Southwest Airlines,Architects/Designers,Architects,Architects
Progressive,Architects/Designers,Architects,Architects
Paccar,Architects/Designers,Architects,Architects
TJX,Architects/Designers,Architects,Architects
Regeneron Pharmaceuticals,Architects/Designers,Architects,Architects
PepsiCo,Architects/Designers,Architects,Architects
Wells Fargo,Architects/Designers,Architects,Architects
Eli Lilly,Architects/Designers,Architects,Architects
Arthur J. Gallagher,Architects/Designers,Architects,Architects
PayPal Holdings,Architects/Designers,Architects,Architects
General Motors,Architects/Designers,Architects,Architects
Broadcom,Architects/Designers,Architects,Architects
Magellan Health,Architects/Designers,Architects,Architects
TravelCenters of America,Architects/Designers,Architects,Architects
Supervalu,Architects/Designers,Architects,Architects
CDW,Architects/Designers,Architects,Architects
Corning,Architects/Designers,Architects,Architects
Conagra Brands,Architects/Designers,Architects,Architects
Mohawk Industries,Architects/Designers,Architects,Architects
Targa Resources,Architects/Designers,Architects,Architects
Molson Coors Brewing,Architects/Designers,Architects,Architects
Qualcomm,Architects/Designers,Architects,Architects
SpartanNash,Architects/Designers,Architects,Architects
Hartford Financial Services,Architects/Designers,Architects,Architects
Ingredion,Architects/Designers,Architects,Architects
Laboratory Corp. of America,Architects/Designers,Architects,Architects
Phillips 66,Architects/Designers,Architects,Architects
Capital One Financial,Architects/Designers,Architects,Architects
First American Financial,Architects/Designers,Architects,Architects
Genworth Financial,Architects/Designers,Architects,Architects
Casey's General Stores,Architects/Designers,Architects,Architects
Devon Energy,Architects/Designers,Architects,Architects
Seaboard,Architects/Designers,Architects,Architects
Sempra Energy,Architects/Designers,Architects,Architects
HP,Architects/Designers,Architects,Architects
Boston Scientific,Architects/Designers,Architects,Architects
Lennar,Architects/Designers,Architects,Architects
Verizon Communications,Architects/Designers,Architects,Architects
Rite Aid,Architects/Designers,Architects,Architects
Expeditors Intl. of Washington,Architects/Designers,Architects,Architects
Xerox,Architects/Designers,Architects,Architects
Duke Energy,Architects/Designers,Architects,Architects
A-Mark Precious Metals,Architects/Designers,Architects,Architects
Old Republic International,Architects/Designers,Architects,Architects
Clorox,Architects/Designers,Architects,Architects
CarMax,Architects/Designers,Architects,Architects
Avnet,Architects/Designers,Architects,Architects
Aramark,Architects/Designers,Architects,Architects
Anthem,Architects/Designers,Architects,Architects
Massachusetts Mutual Life Insurance,Architects/Designers,Architects,Architects
Occidental Petroleum,Architects/Designers,Architects,Architects
NRG Energy,Architects/Designers,Architects,Architects
Avis Budget Group,Architects/Designers,Architects,Architects
Marriott International,Architects/Designers,Architects,Architects
Calpine,Architects/Designers,Architects,Architects
AutoZone,Architects/Designers,Architects,Architects
Tech Data,Architects/Designers,Architects,Architects
Home Depot,Architects/Designers,Architects,Architects
Exelon,Architects/Designers,Architects,Architects
Interpublic Group,Architects/Designers,Architects,Architects
Bristol-Myers Squibb,Architects/Designers,Architects,Architects
Cheniere Energy,Architects/Designers,Architects,Architects
Mosaic,Architects/Designers,Architects,Architects
PulteGroup,Architects/Designers,Architects,Architects
Fluor,Architects/Designers,Architects,Architects
Nordstrom,Architects/Designers,Architects,Architects
Pfizer,Architects/Designers,Architects,Architects
Applied Materials,Architects/Designers,Architects,Architects
First Data,Architects/Designers,Architects,Architects
Motorola Solutions,Architects/Designers,Architects,Architects
Crown Holdings,Architects/Designers,Architects,Architects
Ryder System,Architects/Designers,Architects,Architects
American Tower,Architects/Designers,Architects,Architects
Waste Management,Architects/Designers,Architects,Architects
News Corp.,Architects/Designers,Architects,Architects
Alphabet,Architects/Designers,Architects,Architects
Baxter International,Architects/Designers,Architects,Architects
Builders FirstSource,Architects/Designers,Architects,Architects
D.R. Horton,Architects/Designers,Architects,Architects
Tenneco,Architects/Designers,Architects,Architects
Ross Stores,Architects/Designers,Architects,Architects
American Family Insurance Group,Architects/Designers,Architects,Architects
Hertz Global Holdings,Architects/Designers,Architects,Architects
Yum Brands,Architects/Designers,Architects,Architects
Parker-Hannifin,Architects/Designers,Architects,Architects
Kimberly-Clark,Architects/Designers,Architects,Architects
Tapestry,Architects/Designers,Architects,Architects
Edison International,Architects/Designers,Architects,Architects
Hormel Foods,Architects/Designers,Architects,Architects
MetLife,Architects/Designers,Architects,Architects
DISH Network,Architects/Designers,Architects,Architects
Raytheon,Architects/Designers,Architects,Architects
GameStop,Architects/Designers,Architects,Architects
Lithia Motors,Architects/Designers,Architects,Architects
Darden Restaurants,Architects/Designers,Architects,Architects
Franklin Resources,Architects/Designers,Architects,Architects
American Airlines Group,Architects/Designers,Architects,Architects
Graybar Electric,Architects/Designers,Architects,Architects
McKesson,Architects/Designers,Architects,Architects
Williams,Architects/Designers,Architects,Architects
Owens Corning,Architects/Designers,Architects,Architects
Philip Morris International,Architects/Designers,Architects,Architects
Live Nation Entertainment,Architects/Designers,Architects,Architects
Dominion Energy,Architects/Designers,Architects,Architects
PREVIO,Architects/Designers,Architects,Architects
EMCOR Group,Architects/Designers,Architects,Architects
Walgreens Boots Alliance,Architects/Designers,Architects,Architects
Chesapeake Energy,Architects/Designers,Architects,Architects
Universal Health Services,Architects/Designers,Architects,Architects
Berkshire Hathaway,Architects/Designers,Architects,Architects
UGI,Architects/Designers,Architects,Architects
Dell Technologies,Architects/Designers,Architects,Architects
Windstream Holdings,Architects/Designers,Architects,Architects
Southern,Architects/Designers,Architects,Architects
Land O'Lakes,Architects/Designers,Architects,Architects
Oshkosh,Architects/Designers,Architects,Architects
Altice USA,Architects/Designers,Architects,Architects
Adobe,Architects/Designers,Architects,Architects
Whirlpool,Architects/Designers,Architects,Architects
Pioneer Natural Resources,Architects/Designers,Architects,Architects
Newell Brands,Architects/Designers,Architects,Architects
Blackstone Group,Architects/Designers,Architects,Architects
Dana,Architects/Designers,Architects,Architects
Cummins,Architects/Designers,Architects,Architects
NextEra Energy,Architects/Designers,Architects,Architects
Ameriprise Financial,Architects/Designers,Architects,Architects
IBM,Architects/Designers,Architects,Architects
Hanesbrands,Architects/Designers,Architects,Architects
Omnicom Group,Architects/Designers,Architects,Architects
Ameren,Architects/Designers,Architects,Architects
LKQ,Architects/Designers,Architects,Architects
Northwestern Mutual,Architects/Designers,Architects,Architects
DXC Technology,Architects/Designers,Architects,Architects
Rockwell Collins,Architects/Designers,Architects,Architects
Gap,Architects/Designers,Architects,Architects
PVH,Architects/Designers,Architects,Architects
American Express,Architects/Designers,Architects,Architects
Danaher,Architects/Designers,Architects,Architects
Principal Financial,Architects/Designers,Architects,Architects
Harley-Davidson,Architects/Designers,Architects,Architects
Cisco Systems,Architects/Designers,Architects,Architects
Kraft Heinz,Architects/Designers,Architects,Architects
Booz Allen Hamilton,Architects/Designers,Architectural Lighting Design,Architectural Lighting Design
BJ's Wholesale Club,Architects/Designers,Architectural Lighting Design,Architectural Lighting Design
Farmers Insurance Exchange,Architects/Designers,Architectural Lighting Design,Architectural Lighting Design
Illinois Tool Works,Architects/Designers,Architectural Lighting Design,Architectural Lighting Design
Sanmina,Architects/Designers,Architectural Lighting Design,Architectural Lighting Design
Jacobs Engineering Group,Architects/Designers,Architectural Lighting Design,Architectural Lighting Design
Tractor Supply,Architects/Designers,Architectural Lighting Design,Architectural Lighting Design
Delek US Holdings,Architects/Designers,Architectural Lighting Design,Architectural Lighting Design
Southwest Airlines,Architects/Designers,Architectural Lighting Design,Architectural Lighting Design
Progressive,Architects/Designers,Architectural Lighting Design,Architectural Lighting Design
Paccar,Architects/Designers,Architectural Lighting Design,Architectural Lighting Design
TJX,Architects/Designers,Architectural Lighting Design,Architectural Lighting Design
Regeneron Pharmaceuticals,Architects/Designers,Architectural Lighting Design,Architectural Lighting Design
PepsiCo,Architects/Designers,Architectural Lighting Design,Architectural Lighting Design
Wells Fargo,Architects/Designers,Architectural Lighting Design,Architectural Lighting Design
Eli Lilly,Architects/Designers,Architectural Lighting Design,Architectural Lighting Design
Arthur J. Gallagher,Architects/Designers,Architectural Lighting Design,Architectural Lighting Design
PayPal Holdings,Architects/Designers,Architectural Lighting Design,Architectural Lighting Design
General Motors,Architects/Designers,Architectural Lighting Design,Architectural Lighting Design
Broadcom,Architects/Designers,Architectural Lighting Design,Architectural Lighting Design
Magellan Health,Architects/Designers,Architectural Lighting Design,Architectural Lighting Design
TravelCenters of America,Architects/Designers,Architectural Lighting Design,Architectural Lighting Design
Supervalu,Architects/Designers,Architectural Lighting Design,Architectural Lighting Design
CDW,Architects/Designers,Environmental Graphic Design,Environmental Graphic Design
Corning,Architects/Designers,Environmental Graphic Design,Environmental Graphic Design
Conagra Brands,Architects/Designers,Environmental Graphic Design,Environmental Graphic Design
Mohawk Industries,Architects/Designers,Environmental Graphic Design,Environmental Graphic Design
Targa Resources,Architects/Designers,Environmental Graphic Design,Environmental Graphic Design
Molson Coors Brewing,Architects/Designers,Environmental Graphic Design,Environmental Graphic Design
Qualcomm,Architects/Designers,Environmental Graphic Design,Environmental Graphic Design
SpartanNash,Architects/Designers,Environmental Graphic Design,Environmental Graphic Design
Hartford Financial Services,Architects/Designers,Environmental Graphic Design,Environmental Graphic Design
Ingredion,Architects/Designers,Environmental Graphic Design,Environmental Graphic Design
Laboratory Corp. of America,Architects/Designers,Environmental Graphic Design,Environmental Graphic Design
Phillips 66,Architects/Designers,Environmental Graphic Design,Environmental Graphic Design
Capital One Financial,Architects/Designers,Environmental Graphic Design,Environmental Graphic Design
First American Financial,Architects/Designers,Environmental Graphic Design,Environmental Graphic Design
Genworth Financial,Architects/Designers,Environmental Graphic Design,Environmental Graphic Design
Casey's General Stores,Architects/Designers,Environmental Graphic Design,Environmental Graphic Design
Devon Energy,Architects/Designers,Environmental Graphic Design,Environmental Graphic Design
Seaboard,Architects/Designers,Environmental Graphic Design,Environmental Graphic Design
Sempra Energy,Architects/Designers,Environmental Graphic Design,Environmental Graphic Design
HP,Architects/Designers,Environmental Graphic Design,Environmental Graphic Design
Boston Scientific,Architects/Designers,Environmental Graphic Design,Environmental Graphic Design
Lennar,Architects/Designers,Environmental Graphic Design,Environmental Graphic Design
Verizon Communications,Architects/Designers,Environmental Graphic Design,Environmental Graphic Design
Rite Aid,Architects/Designers,Environmental Graphic Design,Environmental Graphic Design
Expeditors Intl. of Washington,Architects/Designers,Environmental Graphic Design,Environmental Graphic Design
Xerox,Architects/Designers,Environmental Graphic Design,Environmental Graphic Design
Duke Energy,Architects/Designers,Environmental Graphic Design,Environmental Graphic Design
A-Mark Precious Metals,Architects/Designers,Environmental Graphic Design,Environmental Graphic Design
Old Republic International,Architects/Designers,Environmental Graphic Design,Environmental Graphic Design
Clorox,Architects/Designers,Foodservice Planning/Design,Foodservice Planning/Design
CarMax,Architects/Designers,Foodservice Planning/Design,Foodservice Planning/Design
Avnet,Architects/Designers,Foodservice Planning/Design,Foodservice Planning/Design
Aramark,Architects/Designers,Foodservice Planning/Design,Foodservice Planning/Design
Anthem,Architects/Designers,Foodservice Planning/Design,Foodservice Planning/Design
Massachusetts Mutual Life Insurance,Architects/Designers,Foodservice Planning/Design,Foodservice Planning/Design
Occidental Petroleum,Architects/Designers,Foodservice Planning/Design,Foodservice Planning/Design
NRG Energy,Architects/Designers,Foodservice Planning/Design,Foodservice Planning/Design
Avis Budget Group,Architects/Designers,Foodservice Planning/Design,Foodservice Planning/Design
Marriott International,Architects/Designers,Foodservice Planning/Design,Foodservice Planning/Design
Calpine,Architects/Designers,Foodservice Planning/Design,Foodservice Planning/Design
AutoZone,Architects/Designers,Foodservice Planning/Design,Foodservice Planning/Design
Tech Data,Architects/Designers,Foodservice Planning/Design,Foodservice Planning/Design
Home Depot,Architects/Designers,Integrated Project Delivery,Integrated Project Delivery
Exelon,Architects/Designers,Integrated Project Delivery,Integrated Project Delivery
Interpublic Group,Architects/Designers,Integrated Project Delivery,Integrated Project Delivery
Bristol-Myers Squibb,Architects/Designers,Integrated Project Delivery,Integrated Project Delivery
Cheniere Energy,Architects/Designers,Integrated Project Delivery,Integrated Project Delivery
Mosaic,Architects/Designers,Integrated Project Delivery,Integrated Project Delivery
PulteGroup,Architects/Designers,Integrated Project Delivery,Integrated Project Delivery
Fluor,Architects/Designers,Integrated Project Delivery,Integrated Project Delivery
Nordstrom,Architects/Designers,Integrated Project Delivery,Integrated Project Delivery
Pfizer,Architects/Designers,Integrated Project Delivery,Integrated Project Delivery
Applied Materials,Architects/Designers,Integrated Project Delivery,Integrated Project Delivery
First Data,Architects/Designers,Integrated Project Delivery,Integrated Project Delivery
Motorola Solutions,Architects/Designers,Integrated Project Delivery,Integrated Project Delivery
Crown Holdings,Architects/Designers,Integrated Project Delivery,Integrated Project Delivery
Ryder System,Architects/Designers,Integrated Project Delivery,Integrated Project Delivery
American Tower,Architects/Designers,Integrated Project Delivery,Integrated Project Delivery
Waste Management,Architects/Designers,Integrated Project Delivery,Integrated Project Delivery
News Corp.,Architects/Designers,Integrated Project Delivery,Integrated Project Delivery
Alphabet,Architects/Designers,Integrated Project Delivery,Integrated Project Delivery
Baxter International,Architects/Designers,Integrated Project Delivery,Integrated Project Delivery
Builders FirstSource,Architects/Designers,Integrated Project Delivery,Integrated Project Delivery
D.R. Horton,Architects/Designers,Integrated Project Delivery,Integrated Project Delivery
Tenneco,Architects/Designers,Integrated Project Delivery,Integrated Project Delivery
Ross Stores,Architects/Designers,Integrated Project Delivery,Integrated Project Delivery
American Family Insurance Group,Architects/Designers,Integrated Project Delivery,Integrated Project Delivery
Hertz Global Holdings,Architects/Designers,Integrated Project Delivery,Integrated Project Delivery
Yum Brands,Architects/Designers,Integrated Project Delivery,Integrated Project Delivery
Parker-Hannifin,Architects/Designers,Integrated Project Delivery,Integrated Project Delivery
Kimberly-Clark,Architects/Designers,Integrated Project Delivery,Integrated Project Delivery
Tapestry,Architects/Designers,Integrated Project Delivery,Integrated Project Delivery
Edison International,Architects/Designers,Integrated Project Delivery,Integrated Project Delivery
Hormel Foods,Architects/Designers,Integrated Project Delivery,Integrated Project Delivery
MetLife,Architects/Designers,Integrated Project Delivery,Integrated Project Delivery
DISH Network,Architects/Designers,Integrated Project Delivery,Integrated Project Delivery
Raytheon,Architects/Designers,Integrated Project Delivery,Integrated Project Delivery
GameStop,Architects/Designers,Integrated Project Delivery,Integrated Project Delivery
Lithia Motors,Architects/Designers,Integrated Project Delivery,Integrated Project Delivery
Darden Restaurants,Architects/Designers,Integrated Project Delivery,Integrated Project Delivery
Franklin Resources,Architects/Designers,Interior Architecture,Interior Architecture 
American Airlines Group,Architects/Designers,Interior Architecture,Interior Architecture 
Graybar Electric,Architects/Designers,Interior Architecture,Interior Architecture 
McKesson,Architects/Designers,Interior Architecture,Interior Architecture 
Williams,Architects/Designers,Interior Architecture,Interior Architecture 
Owens Corning,Architects/Designers,Interior Architecture,Interior Architecture 
Philip Morris International,Architects/Designers,Interior Architecture,Interior Architecture 
Live Nation Entertainment,Architects/Designers,Interior Architecture,Interior Architecture 
Dominion Energy,Architects/Designers,Interior Architecture,Interior Architecture 
PREVIO,Architects/Designers,Interior Architecture,Interior Architecture 
EMCOR Group,Architects/Designers,Interior Architecture,Interior Architecture 
Walgreens Boots Alliance,Architects/Designers,Interior Architecture,Interior Architecture 
Chesapeake Energy,Architects/Designers,Interior Architecture,Interior Architecture 
Universal Health Services,Architects/Designers,Interior Architecture,Interior Architecture 
Berkshire Hathaway,Architects/Designers,Interior Architecture,Interior Architecture 
UGI,Architects/Designers,Interior Architecture,Interior Architecture 
Dell Technologies,Architects/Designers,Interior Architecture,Interior Architecture 
Windstream Holdings,Architects/Designers,Interior Architecture,Interior Architecture 
Southern,Architects/Designers,Interior Architecture,Interior Architecture 
Land O'Lakes,Architects/Designers,Interior Architecture,Interior Architecture 
Oshkosh,Architects/Designers,Interior Architecture,Interior Architecture 
Altice USA,Architects/Designers,Interior Architecture,Interior Architecture 
Adobe,Architects/Designers,Interior Architecture,Interior Architecture 
Whirlpool,Architects/Designers,Interior Architecture,Interior Architecture 
Pioneer Natural Resources,Architects/Designers,Interior Architecture,Interior Architecture 
Newell Brands,Architects/Designers,Interior Architecture,Interior Architecture 
Blackstone Group,Architects/Designers,Interior Architecture,Interior Architecture 
Dana,Architects/Designers,Interior Architecture,Interior Architecture 
Cummins,Architects/Designers,Interior Architecture,Interior Architecture 
NextEra Energy,Architects/Designers,Interior Architecture,Interior Architecture 
Ameriprise Financial,Architects/Designers,Interior Architecture,Interior Architecture 
IBM,Architects/Designers,Interior Architecture,Interior Architecture 
Hanesbrands,Architects/Designers,Interior Architecture,Interior Architecture 
Omnicom Group,Architects/Designers,Interior Architecture,Interior Architecture 
Ameren,Architects/Designers,Interior Architecture,Interior Architecture 
LKQ,Architects/Designers,Interior Architecture,Interior Architecture 
Northwestern Mutual,Architects/Designers,Interior Architecture,Interior Architecture 
DXC Technology,Architects/Designers,Interior Architecture,Interior Architecture 
Rockwell Collins,Architects/Designers,Interior Architecture,Interior Architecture 
Gap,Architects/Designers,Interior Architecture,Interior Architecture 
PVH,Architects/Designers,Interior Architecture,Interior Architecture 
American Express,Architects/Designers,Interior Architecture,Interior Architecture 
Danaher,Architects/Designers,Interior Architecture,Interior Architecture 
Principal Financial,Architects/Designers,Interior Architecture,Interior Architecture 
Harley-Davidson,Architects/Designers,Interior Architecture,Interior Architecture 
Cisco Systems,Architects/Designers,Interior Architecture,Interior Architecture 
Kraft Heinz,Architects/Designers,Interior Architecture,Interior Architecture 
Booz Allen Hamilton,Architects/Designers,Interior Architecture,Interior Architecture 
BJ's Wholesale Club,Architects/Designers,Interior Architecture,Interior Architecture 
Farmers Insurance Exchange,Architects/Designers,Interior Architecture,Interior Architecture 
Illinois Tool Works,Architects/Designers,Interior Architecture,Interior Architecture 
Sanmina,Architects/Designers,Interior Architecture,Interior Architecture 
Jacobs Engineering Group,Architects/Designers,Interior Architecture,Interior Architecture 
Tractor Supply,Architects/Designers,Interior Architecture,Interior Architecture 
Delek US Holdings,Architects/Designers,Interior Architecture,Interior Architecture 
Southwest Airlines,Architects/Designers,Interior Architecture,Interior Architecture 
Progressive,Architects/Designers,Interior Architecture,Interior Architecture 
Paccar,Architects/Designers,Interior Architecture,Interior Architecture 
TJX,Architects/Designers,Interior Architecture,Interior Architecture 
Regeneron Pharmaceuticals,Architects/Designers,Interior Architecture,Interior Architecture 
PepsiCo,Architects/Designers,Interior Architecture,Interior Architecture 
Wells Fargo,Architects/Designers,Interior Architecture,Interior Architecture 
Eli Lilly,Architects/Designers,Interior Architecture,Interior Architecture 
Arthur J. Gallagher,Architects/Designers,Interior Architecture,Interior Architecture 
PayPal Holdings,Architects/Designers,Interior Architecture,Interior Architecture 
General Motors,Architects/Designers,Interior Architecture,Interior Architecture 
Broadcom,Architects/Designers,Interior Architecture,Interior Architecture 
Magellan Health,Architects/Designers,Interior Architecture,Interior Architecture 
TravelCenters of America,Architects/Designers,Interior Architecture,Interior Architecture 
Supervalu,Architects/Designers,Interior Architecture,Interior Architecture 
CDW,Architects/Designers,Interior Architecture,Interior Architecture 
Corning,Architects/Designers,Interior Architecture,Interior Architecture 
Conagra Brands,Architects/Designers,Interior Architecture,Interior Architecture 
Mohawk Industries,Architects/Designers,Interior Architecture,Interior Architecture 
Targa Resources,Architects/Designers,Interior Architecture,Interior Architecture 
Molson Coors Brewing,Architects/Designers,Interior Architecture,Interior Architecture 
Qualcomm,Architects/Designers,Interior Architecture,Interior Architecture 
SpartanNash,Architects/Designers,Interior Architecture,Interior Architecture 
Hartford Financial Services,Architects/Designers,Interior Architecture,Interior Architecture 
Ingredion,Architects/Designers,Interior Architecture,Interior Architecture 
Laboratory Corp. of America,Architects/Designers,Interior Architecture,Interior Architecture 
Phillips 66,Architects/Designers,Interior Designers,Interior Designers
Capital One Financial,Architects/Designers,Interior Designers,Interior Designers
First American Financial,Architects/Designers,Interior Designers,Interior Designers
Genworth Financial,Architects/Designers,Interior Designers,Interior Designers
Casey's General Stores,Architects/Designers,Interior Designers,Interior Designers
Devon Energy,Architects/Designers,Interior Designers,Interior Designers
Seaboard,Architects/Designers,Interior Designers,Interior Designers
Sempra Energy,Architects/Designers,Interior Designers,Interior Designers
HP,Architects/Designers,Interior Designers,Interior Designers
Boston Scientific,Architects/Designers,Interior Designers,Interior Designers
Lennar,Architects/Designers,Interior Designers,Interior Designers
Verizon Communications,Architects/Designers,Interior Designers,Interior Designers
Rite Aid,Architects/Designers,Interior Designers,Interior Designers
Expeditors Intl. of Washington,Architects/Designers,Interior Designers,Interior Designers
Xerox,Architects/Designers,Interior Designers,Interior Designers
Duke Energy,Architects/Designers,Interior Designers,Interior Designers
A-Mark Precious Metals,Architects/Designers,Interior Designers,Interior Designers
Old Republic International,Architects/Designers,Interior Designers,Interior Designers
Clorox,Architects/Designers,Interior Designers,Interior Designers
CarMax,Architects/Designers,Interior Designers,Interior Designers
Avnet,Architects/Designers,Interior Designers,Interior Designers
Aramark,Architects/Designers,Interior Designers,Interior Designers
Anthem,Architects/Designers,Interior Designers,Interior Designers
Massachusetts Mutual Life Insurance,Architects/Designers,Interior Designers,Interior Designers
Occidental Petroleum,Architects/Designers,Interior Designers,Interior Designers
NRG Energy,Architects/Designers,Interior Designers,Interior Designers
Avis Budget Group,Architects/Designers,Interior Designers,Interior Designers
Marriott International,Architects/Designers,Interior Designers,Interior Designers
Calpine,Architects/Designers,Interior Designers,Interior Designers
AutoZone,Architects/Designers,Interior Designers,Interior Designers
Tech Data,Architects/Designers,Interior Designers,Interior Designers
Home Depot,Architects/Designers,Interior Designers,Interior Designers
Exelon,Architects/Designers,Interior Designers,Interior Designers
Interpublic Group,Architects/Designers,Interior Designers,Interior Designers
Bristol-Myers Squibb,Architects/Designers,Interior Designers,Interior Designers
Cheniere Energy,Architects/Designers,Interior Designers,Interior Designers
Mosaic,Architects/Designers,Interior Designers,Interior Designers
PulteGroup,Architects/Designers,Interior Designers,Interior Designers
Fluor,Architects/Designers,Interior Designers,Interior Designers
Nordstrom,Architects/Designers,Interior Designers,Interior Designers
Pfizer,Architects/Designers,Interior Designers,Interior Designers
Applied Materials,Architects/Designers,Interior Designers,Interior Designers
First Data,Architects/Designers,Interior Designers,Interior Designers
Motorola Solutions,Architects/Designers,Interior Designers,Interior Designers
Crown Holdings,Architects/Designers,Interior Designers,Interior Designers
Ryder System,Architects/Designers,Interior Designers,Interior Designers
American Tower,Architects/Designers,Interior Designers,Interior Designers
Waste Management,Architects/Designers,Interior Designers,Interior Designers
News Corp.,Architects/Designers,Interior Designers,Interior Designers
Alphabet,Architects/Designers,Interior Designers,Interior Designers
Baxter International,Architects/Designers,Interior Designers,Interior Designers
Builders FirstSource,Architects/Designers,Interior Designers,Interior Designers
D.R. Horton,Architects/Designers,Interior Designers,Interior Designers
Tenneco,Architects/Designers,Interior Designers,Interior Designers
Ross Stores,Architects/Designers,Interior Designers,Interior Designers
American Family Insurance Group,Architects/Designers,Interior Designers,Interior Designers
Hertz Global Holdings,Architects/Designers,Interior Designers,Interior Designers
Yum Brands,Architects/Designers,Interior Designers,Interior Designers
Parker-Hannifin,Architects/Designers,Interior Designers,Interior Designers
Kimberly-Clark,Architects/Designers,Interior Designers,Interior Designers
Tapestry,Architects/Designers,Interior Designers,Interior Designers
Edison International,Architects/Designers,Interior Designers,Interior Designers
Hormel Foods,Architects/Designers,Interior Designers,Interior Designers
MetLife,Architects/Designers,Interior Designers,Interior Designers
DISH Network,Architects/Designers,Interior Designers,Interior Designers
Raytheon,Architects/Designers,Interior Designers,Interior Designers
GameStop,Architects/Designers,Interior Designers,Interior Designers
Lithia Motors,Architects/Designers,Interior Designers,Interior Designers
Darden Restaurants,Architects/Designers,Interior Designers,Interior Designers
Franklin Resources,Architects/Designers,Interior Designers,Interior Designers
American Airlines Group,Architects/Designers,Interior Designers,Interior Designers
Graybar Electric,Architects/Designers,Interior Designers,Interior Designers
McKesson,Architects/Designers,Interior Designers,Interior Designers
Williams,Architects/Designers,Interior Designers,Interior Designers
Owens Corning,Architects/Designers,Interior Designers,Interior Designers
Philip Morris International,Architects/Designers,Interior Designers,Interior Designers
Live Nation Entertainment,Architects/Designers,Interior Designers,Interior Designers
Dominion Energy,Architects/Designers,Interior Designers,Interior Designers
PREVIO,Architects/Designers,Interior Designers,Interior Designers
EMCOR Group,Architects/Designers,Interior Designers,Interior Designers
Walgreens Boots Alliance,Architects/Designers,Interior Designers,Interior Designers
Chesapeake Energy,Architects/Designers,Interior Designers,Interior Designers
Universal Health Services,Architects/Designers,Interior Designers,Interior Designers
Berkshire Hathaway,Architects/Designers,Interior Designers,Interior Designers
UGI,Architects/Designers,Interior Designers,Interior Designers
Dell Technologies,Architects/Designers,Interior Designers,Interior Designers
Windstream Holdings,Architects/Designers,Interior Designers,Interior Designers
Southern,Architects/Designers,Interior Designers,Interior Designers
Land O'Lakes,Architects/Designers,Interior Designers,Interior Designers
Oshkosh,Architects/Designers,Interior Designers,Interior Designers
Altice USA,Architects/Designers,Interior Designers,Interior Designers
Adobe,Architects/Designers,Interior Designers,Interior Designers
Whirlpool,Architects/Designers,Interior Designers,Interior Designers
Pioneer Natural Resources,Architects/Designers,Interior Designers,Interior Designers
Newell Brands,Architects/Designers,Interior Designers,Interior Designers
Blackstone Group,Architects/Designers,Interior Designers,Interior Designers
Dana,Architects/Designers,Interior Designers,Interior Designers
Cummins,Architects/Designers,Interior Designers,Interior Designers
NextEra Energy,Architects/Designers,Interior Designers,Interior Designers
Ameriprise Financial,Architects/Designers,Interior Designers,Interior Designers
IBM,Architects/Designers,Interior Designers,Interior Designers
Hanesbrands,Architects/Designers,Interior Designers,Interior Designers
Omnicom Group,Architects/Designers,Interior Designers,Interior Designers
Ameren,Architects/Designers,Interior Designers,Interior Designers
LKQ,Architects/Designers,Interior Designers,Interior Designers
Northwestern Mutual,Architects/Designers,Interior Designers,Interior Designers
DXC Technology,Architects/Designers,Interior Designers,Interior Designers
Rockwell Collins,Architects/Designers,Interior Designers,Interior Designers
Gap,Architects/Designers,Interior Designers,Interior Designers
PVH,Architects/Designers,Interior Designers,Interior Designers
American Express,Architects/Designers,Interior Designers,Interior Designers
Danaher,Architects/Designers,Interior Designers,Interior Designers
Principal Financial,Architects/Designers,Interior Designers,Interior Designers
Harley-Davidson,Architects/Designers,Interior Designers,Interior Designers
Cisco Systems,Architects/Designers,Interior Designers,Interior Designers
Kraft Heinz,Architects/Designers,Interior Designers,Interior Designers
Booz Allen Hamilton,Architects/Designers,Interior Designers,Interior Designers
BJ's Wholesale Club,Architects/Designers,Interior Designers,Interior Designers
Farmers Insurance Exchange,Architects/Designers,Interior Designers,Interior Designers
Illinois Tool Works,Architects/Designers,Interior Designers,Interior Designers
Sanmina,Architects/Designers,Interior Designers,Interior Designers
Jacobs Engineering Group,Architects/Designers,Interior Designers,Interior Designers
Tractor Supply,Architects/Designers,Interior Designers,Interior Designers
Delek US Holdings,Architects/Designers,Interior Designers,Interior Designers
Southwest Airlines,Architects/Designers,Interior Designers,Interior Designers
Progressive,Architects/Designers,Interior Designers,Interior Designers
Paccar,Architects/Designers,Interior Designers,Interior Designers
TJX,Architects/Designers,Interior Designers,Interior Designers
Regeneron Pharmaceuticals,Architects/Designers,Landscape Architects,Landscape Architects
PepsiCo,Architects/Designers,Landscape Architects,Landscape Architects
Wells Fargo,Architects/Designers,Landscape Architects,Landscape Architects
Eli Lilly,Architects/Designers,Landscape Architects,Landscape Architects
Arthur J. Gallagher,Architects/Designers,Landscape Architects,Landscape Architects
PayPal Holdings,Architects/Designers,Landscape Architects,Landscape Architects
General Motors,Architects/Designers,Landscape Architects,Landscape Architects
Broadcom,Architects/Designers,Landscape Architects,Landscape Architects
Magellan Health,Architects/Designers,Landscape Architects,Landscape Architects
TravelCenters of America,Architects/Designers,Landscape Architects,Landscape Architects
Supervalu,Architects/Designers,Landscape Architects,Landscape Architects
CDW,Architects/Designers,Landscape Architects,Landscape Architects
Corning,Architects/Designers,Landscape Architects,Landscape Architects
Conagra Brands,Architects/Designers,Landscape Architects,Landscape Architects
Mohawk Industries,Architects/Designers,Landscape Architects,Landscape Architects
Targa Resources,Architects/Designers,Landscape Architects,Landscape Architects
Molson Coors Brewing,Architects/Designers,Landscape Architects,Landscape Architects
Qualcomm,Architects/Designers,Landscape Architects,Landscape Architects
SpartanNash,Architects/Designers,Landscape Architects,Landscape Architects
Hartford Financial Services,Architects/Designers,Landscape Architects,Landscape Architects
Ingredion,Architects/Designers,Landscape Architects,Landscape Architects
Laboratory Corp. of America,Architects/Designers,Landscape Architects,Landscape Architects
Phillips 66,Architects/Designers,Landscape Architects,Landscape Architects
Capital One Financial,Architects/Designers,Landscape Architects,Landscape Architects
First American Financial,Architects/Designers,Project Management,Project Management
Genworth Financial,Architects/Designers,Project Management,Project Management
Casey's General Stores,Architects/Designers,Project Management,Project Management
Devon Energy,Architects/Designers,Project Management,Project Management
Seaboard,Architects/Designers,Project Management,Project Management
Sempra Energy,Architects/Designers,Project Management,Project Management
HP,Architects/Designers,Project Management,Project Management
Boston Scientific,Architects/Designers,Project Management,Project Management
Lennar,Architects/Designers,Project Management,Project Management
Verizon Communications,Architects/Designers,Project Management,Project Management
Rite Aid,Architects/Designers,Project Management,Project Management
Expeditors Intl. of Washington,Architects/Designers,Project Management,Project Management
Xerox,Architects/Designers,Project Management,Project Management
Duke Energy,Architects/Designers,Project Management,Project Management
A-Mark Precious Metals,Architects/Designers,Project Management,Project Management
Old Republic International,Architects/Designers,Project Management,Project Management
Clorox,Architects/Designers,Project Management,Project Management
CarMax,Architects/Designers,Project Management,Project Management
Avnet,Architects/Designers,Project Management,Project Management
Aramark,Architects/Designers,Project Management,Project Management
Anthem,Architects/Designers,Project Management,Project Management
Massachusetts Mutual Life Insurance,Architects/Designers,Project Management,Project Management
Occidental Petroleum,Architects/Designers,Project Management,Project Management
NRG Energy,Architects/Designers,Project Management,Project Management
Avis Budget Group,Architects/Designers,Project Management,Project Management
Marriott International,Architects/Designers,Project Management,Project Management
Calpine,Architects/Designers,Project Management,Project Management
AutoZone,Architects/Designers,Project Management,Project Management
Tech Data,Architects/Designers,Project Management,Project Management
Home Depot,Architects/Designers,Project Management,Project Management
Exelon,Architects/Designers,Project Management,Project Management
Interpublic Group,Architects/Designers,Project Management,Project Management
Bristol-Myers Squibb,Architects/Designers,Project Management,Project Management
Cheniere Energy,Architects/Designers,Project Management,Project Management
Mosaic,Architects/Designers,Project Management,Project Management
PulteGroup,Architects/Designers,Project Management,Project Management
Fluor,Architects/Designers,Project Management,Project Management
Nordstrom,Architects/Designers,Project Management,Project Management
Pfizer,Architects/Designers,Project Management,Project Management
Applied Materials,Architects/Designers,Project Management,Project Management
First Data,Architects/Designers,Project Management,Project Management
Motorola Solutions,Architects/Designers,Project Management,Project Management
Crown Holdings,Architects/Designers,Project Management,Project Management
Ryder System,Architects/Designers,Project Management,Project Management
American Tower,Architects/Designers,Project Management,Project Management
Waste Management,Architects/Designers,Project Management,Project Management
News Corp.,Architects/Designers,Project Management,Project Management
Alphabet,Architects/Designers,Project Management,Project Management
Baxter International,Architects/Designers,Project Management,Project Management
Builders FirstSource,Architects/Designers,Project Management,Project Management
D.R. Horton,Construction/Engineering,Construction Managers,Construction Managers
Tenneco,Construction/Engineering,Construction Managers,Construction Managers
Ross Stores,Construction/Engineering,Construction Managers,Construction Managers
American Family Insurance Group,Construction/Engineering,Construction Managers,Construction Managers
Hertz Global Holdings,Construction/Engineering,Construction Managers,Construction Managers
Yum Brands,Construction/Engineering,Construction Managers,Construction Managers
Parker-Hannifin,Construction/Engineering,Construction Managers,Construction Managers
Kimberly-Clark,Construction/Engineering,Construction Managers,Construction Managers
Tapestry,Construction/Engineering,Construction Managers,Construction Managers
Edison International,Construction/Engineering,Construction Managers,Construction Managers
Hormel Foods,Construction/Engineering,Construction Managers,Construction Managers
MetLife,Construction/Engineering,Construction Managers,Construction Managers
DISH Network,Construction/Engineering,Construction Managers,Construction Managers
Raytheon,Construction/Engineering,Design-Build,Design-Build
GameStop,Construction/Engineering,Design-Build,Design-Build
Lithia Motors,Construction/Engineering,Design-Build,Design-Build
Darden Restaurants,Construction/Engineering,Design-Build,Design-Build
Franklin Resources,Construction/Engineering,Design-Build,Design-Build
American Airlines Group,Construction/Engineering,Design-Build,Design-Build
Graybar Electric,Construction/Engineering,Design-Build,Design-Build
McKesson,Construction/Engineering,Design-Build,Design-Build
Williams,Construction/Engineering,Design-Build,Design-Build
Owens Corning,Construction/Engineering,Design-Build,Design-Build
Philip Morris International,Construction/Engineering,Design-Build,Design-Build
Live Nation Entertainment,Construction/Engineering,Design-Build,Design-Build
Dominion Energy,Construction/Engineering,Design-Build,Design-Build
PREVIO,Construction/Engineering,Design-Build,Design-Build
EMCOR Group,Construction/Engineering,Design-Build,Design-Build
Walgreens Boots Alliance,Construction/Engineering,Design-Build,Design-Build
Chesapeake Energy,Construction/Engineering,Design-Build,Design-Build
Universal Health Services,Construction/Engineering,Design-Build,Design-Build
Berkshire Hathaway,Construction/Engineering,Design-Build,Design-Build
UGI,Construction/Engineering,Design-Build,Design-Build
Dell Technologies,Construction/Engineering,Design-Build,Design-Build
Windstream Holdings,Construction/Engineering,Design-Build,Design-Build
Southern,Construction/Engineering,Design-Build,Design-Build
Land O'Lakes,Construction/Engineering,Design-Build,Design-Build
Oshkosh,Construction/Engineering,Engineering Firms/Services,Engineering Firms/Services
Altice USA,Construction/Engineering,Engineering Firms/Services,Engineering Firms/Services
Adobe,Construction/Engineering,Engineering Firms/Services,Engineering Firms/Services
Whirlpool,Construction/Engineering,Engineering Firms/Services,Engineering Firms/Services
Pioneer Natural Resources,Construction/Engineering,Engineering Firms/Services,Engineering Firms/Services
Newell Brands,Construction/Engineering,Engineering Firms/Services,Engineering Firms/Services
Blackstone Group,Construction/Engineering,Engineering Firms/Services,Engineering Firms/Services
Dana,Construction/Engineering,Engineering Firms/Services,Engineering Firms/Services
Cummins,Construction/Engineering,Engineering Firms/Services,Engineering Firms/Services
NextEra Energy,Construction/Engineering,Engineering Firms/Services,Engineering Firms/Services
Ameriprise Financial,Construction/Engineering,Engineering Firms/Services,Engineering Firms/Services
IBM,Construction/Engineering,Engineering Firms/Services,Engineering Firms/Services
Hanesbrands,Construction/Engineering,Engineering Firms/Services,Engineering Firms/Services
Omnicom Group,Construction/Engineering,Engineering Firms/Services,Engineering Firms/Services
Ameren,Construction/Engineering,Engineering Firms/Services,Engineering Firms/Services
LKQ,Construction/Engineering,Engineering Firms/Services,Engineering Firms/Services
Northwestern Mutual,Construction/Engineering,Engineering Firms/Services,Engineering Firms/Services
DXC Technology,Construction/Engineering,Engineering Firms/Services,Engineering Firms/Services
Rockwell Collins,Construction/Engineering,Engineering Firms/Services,Engineering Firms/Services
Gap,Construction/Engineering,General Contractors,General Contractors
PVH,Construction/Engineering,General Contractors,General Contractors
American Express,Construction/Engineering,General Contractors,General Contractors
Danaher,Construction/Engineering,General Contractors,General Contractors
Principal Financial,Construction/Engineering,General Contractors,General Contractors
Harley-Davidson,Construction/Engineering,Mechanical/Electrical Engineers,Mechanical/Electrical Engineers
Cisco Systems,Construction/Engineering,Mechanical/Electrical Engineers,Mechanical/Electrical Engineers
Kraft Heinz,Construction/Engineering,Mechanical/Electrical Engineers,Mechanical/Electrical Engineers
Booz Allen Hamilton,Construction/Engineering,Mechanical/Electrical Engineers,Mechanical/Electrical Engineers
BJ's Wholesale Club,Construction/Engineering,Mechanical/Electrical Engineers,Mechanical/Electrical Engineers
Farmers Insurance Exchange,Construction/Engineering,Mechanical/Electrical Engineers,Mechanical/Electrical Engineers
Illinois Tool Works,Construction/Engineering,Mechanical/Electrical Engineers,Mechanical/Electrical Engineers
Sanmina,Construction/Engineering,Mechanical/Electrical Engineers,Mechanical/Electrical Engineers
Jacobs Engineering Group,Construction/Engineering,Mechanical/Electrical Engineers,Mechanical/Electrical Engineers
Tractor Supply,Construction/Engineering,Mechanical/Electrical Engineers,Mechanical/Electrical Engineers
Delek US Holdings,Construction/Engineering,Mechanical/Electrical Engineers,Mechanical/Electrical Engineers
Southwest Airlines,Construction/Engineering,Mechanical/Electrical Engineers,Mechanical/Electrical Engineers
Progressive,Construction/Engineering,Mechanical/Electrical Engineers,Mechanical/Electrical Engineers
Paccar,Construction/Engineering,Mechanical/Electrical Engineers,Mechanical/Electrical Engineers
TJX,Construction/Engineering,Mechanical/Electrical Engineers,Mechanical/Electrical Engineers
Regeneron Pharmaceuticals,Construction/Engineering,Structural/Civil Engineers,Structural/Civil Engineers
PepsiCo,Construction/Engineering,Structural/Civil Engineers,Structural/Civil Engineers
Wells Fargo,Construction/Engineering,Structural/Civil Engineers,Structural/Civil Engineers
Eli Lilly,Construction/Engineering,Structural/Civil Engineers,Structural/Civil Engineers
Arthur J. Gallagher,Construction/Engineering,Structural/Civil Engineers,Structural/Civil Engineers
PayPal Holdings,Construction/Engineering,Structural/Civil Engineers,Structural/Civil Engineers
General Motors,Construction/Engineering,Structural/Civil Engineers,Structural/Civil Engineers
Broadcom,Construction/Engineering,Structural/Civil Engineers,Structural/Civil Engineers
Magellan Health,Construction/Engineering,Structural/Civil Engineers,Structural/Civil Engineers
TravelCenters of America,Construction/Engineering,Structural/Civil Engineers,Structural/Civil Engineers
Supervalu,Construction/Engineering,Structural/Civil Engineers,Structural/Civil Engineers
CDW,Construction/Engineering,Structural/Civil Engineers,Structural/Civil Engineers
Corning,Construction/Engineering,Structural/Civil Engineers,Structural/Civil Engineers
Conagra Brands,Construction/Engineering,Structural/Civil Engineers,Structural/Civil Engineers
Mohawk Industries,Consultants,Art Consultants,Art Consultants
Targa Resources,Consultants,Art Consultants,Art Consultants
Molson Coors Brewing,Consultants,Art Consultants,Art Consultants
Qualcomm,Consultants,Art Consultants,Art Consultants
SpartanNash,Consultants,Art Consultants,Art Consultants
Hartford Financial Services,Consultants,Art Consultants,Art Consultants
Ingredion,Consultants,Art Consultants,Art Consultants
Laboratory Corp. of America,Consultants,Art Consultants,Art Consultants
Phillips 66,Consultants,Art Consultants,Art Consultants
Capital One Financial,Consultants,Art Consultants,Art Consultants
First American Financial,Consultants,Art Consultants,Art Consultants
Genworth Financial,Consultants,Art Consultants,Art Consultants
Casey's General Stores,Consultants,Art Consultants,Art Consultants
Devon Energy,Consultants,Art Consultants,Art Consultants
Seaboard,Consultants,Art Consultants,Art Consultants
Sempra Energy,Consultants,Art Consultants,Art Consultants
HP,Consultants,Art Consultants,Art Consultants
Boston Scientific,Consultants,Art Consultants,Art Consultants
Lennar,Consultants,Art Consultants,Art Consultants
Verizon Communications,Consultants,Art Consultants,Art Consultants
Rite Aid,Consultants,Art Consultants,Art Consultants
Expeditors Intl. of Washington,Consultants,Art Consultants,Art Consultants
Xerox,Consultants,Consultants,Consultants
Duke Energy,Consultants,Consultants,Consultants
A-Mark Precious Metals,Consultants,Consultants,Consultants
Old Republic International,Consultants,Consultants,Consultants
Clorox,Consultants,Consultants,Consultants
CarMax,Consultants,Consultants,Consultants
Avnet,Consultants,Consultants,Consultants
Aramark,Consultants,Consultants,Consultants
Anthem,Consultants,Consultants,Consultants
Massachusetts Mutual Life Insurance,Consultants,Consultants,Consultants
Occidental Petroleum,Consultants,Consultants,Consultants
NRG Energy,Consultants,Consultants,Consultants
Avis Budget Group,Consultants,Consultants,Consultants
Marriott International,Consultants,Consultants,Consultants
Calpine,Consultants,Consultants,Consultants
AutoZone,Consultants,Consultants,Consultants
Tech Data,Consultants,Consultants,Consultants
Home Depot,Consultants,Consultants,Consultants
Exelon,Consultants,Consultants,Consultants
Interpublic Group,Consultants,Equipment Planning/Integration,Equipment Planning/Integration
Bristol-Myers Squibb,Consultants,Equipment Planning/Integration,Equipment Planning/Integration
Cheniere Energy,Consultants,Equipment Planning/Integration,Equipment Planning/Integration
Mosaic,Consultants,Equipment Planning/Integration,Equipment Planning/Integration
PulteGroup,Consultants,Equipment Planning/Integration,Equipment Planning/Integration
Fluor,Consultants,Equipment Planning/Integration,Equipment Planning/Integration
Nordstrom,Consultants,Equipment Planning/Integration,Equipment Planning/Integration
Pfizer,Consultants,Equipment Planning/Integration,Equipment Planning/Integration
Applied Materials,Consultants,Equipment Planning/Integration,Equipment Planning/Integration
First Data,Consultants,Equipment Planning/Integration,Equipment Planning/Integration
Motorola Solutions,Consultants,Equipment Planning/Integration,Equipment Planning/Integration
Crown Holdings,Consultants,Equipment Planning/Integration,Equipment Planning/Integration
Ryder System,Consultants,Equipment Planning/Integration,Equipment Planning/Integration
American Tower,Consultants,Equipment Planning/Integration,Equipment Planning/Integration
Waste Management,Consultants,Equipment Planning/Integration,Equipment Planning/Integration
News Corp.,Consultants,Equipment Planning/Integration,Equipment Planning/Integration
Alphabet,Consultants,Equipment Planning/Integration,Equipment Planning/Integration
Baxter International,Consultants,Equipment Planning/Integration,Equipment Planning/Integration
Builders FirstSource,Consultants,Equipment Planning/Integration,Equipment Planning/Integration
D.R. Horton,Consultants,Facility Consulting,Facility Consulting
Tenneco,Consultants,Facility Consulting,Facility Consulting
Ross Stores,Consultants,Facility Consulting,Facility Consulting
American Family Insurance Group,Consultants,Facility Consulting,Facility Consulting
Hertz Global Holdings,Consultants,Facility Consulting,Facility Consulting
Yum Brands,Consultants,Facility Consulting,Facility Consulting
Parker-Hannifin,Consultants,Facility Consulting,Facility Consulting
Kimberly-Clark,Consultants,Facility Consulting,Facility Consulting
Tapestry,Consultants,Facility Consulting,Facility Consulting
Edison International,Consultants,Facility Consulting,Facility Consulting
Hormel Foods,Consultants,Facility Consulting,Facility Consulting
MetLife,Consultants,Facility Consulting,Facility Consulting
DISH Network,Consultants,Facility Consulting,Facility Consulting
Raytheon,Consultants,Facility Consulting,Facility Consulting
GameStop,Consultants,Facility Consulting,Facility Consulting
Lithia Motors,Consultants,Facility Consulting,Facility Consulting
Darden Restaurants,Consultants,"Furniture, Fixture, and Equipment (FFE) Procurement ","Furniture, Fixture, and Equipment (FFE) Procurement "
Franklin Resources,Consultants,"Furniture, Fixture, and Equipment (FFE) Procurement ","Furniture, Fixture, and Equipment (FFE) Procurement "
American Airlines Group,Consultants,"Furniture, Fixture, and Equipment (FFE) Procurement ","Furniture, Fixture, and Equipment (FFE) Procurement "
Graybar Electric,Consultants,"Furniture, Fixture, and Equipment (FFE) Procurement ","Furniture, Fixture, and Equipment (FFE) Procurement "
McKesson,Consultants,"Furniture, Fixture, and Equipment (FFE) Procurement ","Furniture, Fixture, and Equipment (FFE) Procurement "
Williams,Consultants,"Furniture, Fixture, and Equipment (FFE) Procurement ","Furniture, Fixture, and Equipment (FFE) Procurement "
Owens Corning,Consultants,"Furniture, Fixture, and Equipment (FFE) Procurement ","Furniture, Fixture, and Equipment (FFE) Procurement "
Philip Morris International,Consultants,"Furniture, Fixture, and Equipment (FFE) Procurement ","Furniture, Fixture, and Equipment (FFE) Procurement "
Live Nation Entertainment,Consultants,"Furniture, Fixture, and Equipment (FFE) Procurement ","Furniture, Fixture, and Equipment (FFE) Procurement "
Dominion Energy,Consultants,"Furniture, Fixture, and Equipment (FFE) Procurement ","Furniture, Fixture, and Equipment (FFE) Procurement "
PREVIO,Consultants,"Furniture, Fixture, and Equipment (FFE) Procurement ","Furniture, Fixture, and Equipment (FFE) Procurement "
EMCOR Group,Consultants,"Furniture, Fixture, and Equipment (FFE) Procurement ","Furniture, Fixture, and Equipment (FFE) Procurement "
Walgreens Boots Alliance,Consultants,"Furniture, Fixture, and Equipment (FFE) Procurement ","Furniture, Fixture, and Equipment (FFE) Procurement "
Chesapeake Energy,Consultants,"Furniture, Fixture, and Equipment (FFE) Procurement ","Furniture, Fixture, and Equipment (FFE) Procurement "
Universal Health Services,Consultants,"Furniture, Fixture, and Equipment (FFE) Procurement ","Furniture, Fixture, and Equipment (FFE) Procurement "
Berkshire Hathaway,Consultants,"Furniture, Fixture, and Equipment (FFE) Procurement ","Furniture, Fixture, and Equipment (FFE) Procurement "
UGI,Consultants,Initial Outfitting and Transition Planning ,Initial Outfitting and Transition Planning 
Dell Technologies,Consultants,Initial Outfitting and Transition Planning ,Initial Outfitting and Transition Planning 
Windstream Holdings,Consultants,Initial Outfitting and Transition Planning ,Initial Outfitting and Transition Planning 
Southern,Consultants,Initial Outfitting and Transition Planning ,Initial Outfitting and Transition Planning 
Land O'Lakes,Consultants,Initial Outfitting and Transition Planning ,Initial Outfitting and Transition Planning 
Oshkosh,Consultants,"Installation, Interior Furnishings & Equipment","Installation, Interior Furnishings & Equipment"
Altice USA,Consultants,"Installation, Interior Furnishings & Equipment","Installation, Interior Furnishings & Equipment"
Adobe,Consultants,"Installation, Interior Furnishings & Equipment","Installation, Interior Furnishings & Equipment"
Whirlpool,Consultants,"Installation, Interior Furnishings & Equipment","Installation, Interior Furnishings & Equipment"
Pioneer Natural Resources,Consultants,"Installation, Interior Furnishings & Equipment","Installation, Interior Furnishings & Equipment"
Newell Brands,Consultants,"Installation, Interior Furnishings & Equipment","Installation, Interior Furnishings & Equipment"
Blackstone Group,Consultants,"Installation, Interior Furnishings & Equipment","Installation, Interior Furnishings & Equipment"
Dana,Consultants,"Installation, Interior Furnishings & Equipment","Installation, Interior Furnishings & Equipment"
Cummins,Consultants,Materials Handling/Management Consultants,Materials Handling/Management Consultants
NextEra Energy,Consultants,Materials Handling/Management Consultants,Materials Handling/Management Consultants
Ameriprise Financial,Consultants,Materials Handling/Management Consultants,Materials Handling/Management Consultants
IBM,Consultants,Materials Handling/Management Consultants,Materials Handling/Management Consultants
Hanesbrands,Consultants,Relocation Services,Relocation Services
Omnicom Group,Consultants,Security Consultants,Security Consultants
Ameren,Consultants,Security Consultants,Security Consultants
LKQ,Consultants,Security Consultants,Security Consultants
Northwestern Mutual,Consultants,Technology Consulting/Planning/Design,Technology Consulting/Planning/Design
DXC Technology,Consultants,Technology Consulting/Planning/Design,Technology Consulting/Planning/Design
Rockwell Collins,Consultants,Technology Consulting/Planning/Design,Technology Consulting/Planning/Design
Gap,Consultants,Technology Consulting/Planning/Design,Technology Consulting/Planning/Design
PVH,Consultants,Technology Consulting/Planning/Design,Technology Consulting/Planning/Design
American Express,Consultants,Technology Consulting/Planning/Design,Technology Consulting/Planning/Design
Danaher,Consultants,Technology Consulting/Planning/Design,Technology Consulting/Planning/Design
Principal Financial,Consultants,Technology Consulting/Planning/Design,Technology Consulting/Planning/Design
Harley-Davidson,Consultants,Technology Consulting/Planning/Design,Technology Consulting/Planning/Design
Cisco Systems,Consultants,Technology Consulting/Planning/Design,Technology Consulting/Planning/Design
Kraft Heinz,Consultants,Technology Consulting/Planning/Design,Technology Consulting/Planning/Design
Booz Allen Hamilton,Consultants,Technology Consulting/Planning/Design,Technology Consulting/Planning/Design
BJ's Wholesale Club,Consultants,Technology Consulting/Planning/Design,Technology Consulting/Planning/Design
Farmers Insurance Exchange,Consultants,Wayfinding and Signage Consultants,Wayfinding and Signage Consultants
Illinois Tool Works,Consultants,Wayfinding and Signage Consultants,Wayfinding and Signage Consultants
Sanmina,Consultants,Wayfinding and Signage Consultants,Wayfinding and Signage Consultants
Jacobs Engineering Group,Consultants,Wayfinding and Signage Consultants,Wayfinding and Signage Consultants
Tractor Supply,Consultants,Wayfinding and Signage Consultants,Wayfinding and Signage Consultants
Delek US Holdings,Consultants,Wayfinding and Signage Consultants,Wayfinding and Signage Consultants
Southwest Airlines,Consultants,Wayfinding and Signage Consultants,Wayfinding and Signage Consultants
Progressive,Consultants,Wayfinding and Signage Consultants,Wayfinding and Signage Consultants
Paccar,Consultants,Wayfinding and Signage Consultants,Wayfinding and Signage Consultants
TJX,Consultants,Wayfinding and Signage Consultants,Wayfinding and Signage Consultants
Regeneron Pharmaceuticals,Consultants,Wayfinding and Signage Consultants,Wayfinding and Signage Consultants
PepsiCo,Consultants,Wayfinding and Signage Consultants,Wayfinding and Signage Consultants
Wells Fargo,Consultants,Wayfinding and Signage Consultants,Wayfinding and Signage Consultants
Eli Lilly,Consultants,Wayfinding and Signage Consultants,Wayfinding and Signage Consultants
Arthur J. Gallagher,Consultants,Wayfinding and Signage Consultants,Wayfinding and Signage Consultants
PayPal Holdings,Consultants,Wayfinding and Signage Consultants,Wayfinding and Signage Consultants
General Motors,Consultants,Wayfinding and Signage Consultants,Wayfinding and Signage Consultants
Broadcom,Consultants,Wayfinding and Signage Consultants,Wayfinding and Signage Consultants
Magellan Health,Consultants,Wayfinding and Signage Consultants,Wayfinding and Signage Consultants
