Company_Name,City,State,Country,Phone,TollFree_Phone,Email,URL
Lemke - Luettgen,Culver City,CA,,2654072293,,bachmann@me.com,omniture.com
Kihn - Fadel,Brooklyn,NY,,7603629061,,mddallara@optonline.net,loc.gov
"O'Hara, Kautzer and Wuckert",Los Angeles,CA,,5139286159,,iapetus@optonline.net,www.typepad.com
"Streich, Robel and Heathcote",New York,NY,,4922580555,,jorgb@me.com,creativecommons.org
Okuneva Group,Omaha,NE,,7078614427,,hahsler@att.net,nih.gov
"Kuhlman, Lind and Sauer",Reading,PA,,9122327111,,,msu.edu
"Quitzon, Mraz and Wunsch",Rosemont,IL,,9986040739,,ngedmond@me.com,hostgator.com
"Carter, Welch and Monahan",Anchorage,AK,,8158340635,,wojciech@sbcglobal.net,jiathis.com
Swift Group,Reston,VA,,7534137255,,dmath@sbcglobal.net,intel.com
"Murazik, Parisian and Dietrich",Troy,NY,,8088939357,,johndo@sbcglobal.net,parallels.com
Schoen Group,Scottsdale,AZ,,2494706317,,tsuruta@sbcglobal.net,narod.ru
Kub - Champlin,Conshohocken,PA,,7552310018,,geoffr@gmail.com,kickstarter.com
"Von, Vandervort and Denesik",Denver,CO,,6108503295,,syrinx@verizon.net,ftc.gov
Balistreri Inc,Philadelphia,PA,,3808279413,,trieuvan@att.net,storify.com
Herman - Macejkovic,Knoxville,TN,,2262466644,,luebke@gmail.com,wunderground.com
Lang Inc,"Brownstown, PA and Elkridge",MD,,6498455379,,torgox@live.com,51.la
Bayer - Hodkiewicz,"West Chester/Philadelphia, PA and Wilmington",DE,,6522733923,,,jalbum.net
"Sawayn, Lind and Simonis",Raleigh,NC,,6689122393,,,shareasale.com
Kemmer - Baumbach,New York,NY,,7957532302,,parasite@hotmail.com,merriam-webster.com
Schaden - O'Keefe,Bessemer,AL,,8234609457,,evans@yahoo.com,google.com.hk
Wisozk - Jerde,Dallas,TX,,6919545207,,pedwards@att.net,ted.com
"Labadie, Corwin and Runolfsson",Boulder,CO,,7322251755,8359649517,seebs@icloud.com,networkadvertising.org
"Gutkowski, White and Buckridge",Columbus,OH,,7579995689,,heckerman@aol.com,www.1und1.de
"Murazik, Halvorson and Shanahan",Dallas,TX,,5073428065,,iapetus@msn.com,toplist.cz
"Kirlin, Windler and Bayer",Indianapolis,IN,,8949827622,,kingjoshi@gmail.com,ucsd.edu
Corwin - Schroeder,Saint Paul,MN,,5399850505,,dexter@live.com,japanpost.jp
"Berge, Bernhard and Donnelly","Cleveland, OH and Fort Lauderdale",FL,,5802302856,6218402166,comdig@aol.com,scientificamerican.com
"Wehner, Sipes and Kessler",Long Beach,CA,,7417197887,,biglou@hotmail.com,https://www.howstuffworks.com
Schinner LLC,Dallas,TX,,7494287371,,alias@yahoo.ca,surveymonkey.com
Dickens LLC,Elkhorn,NE,,4156509287,,adamk@icloud.com,pcworld.com
Aufderhar - Lemke,New Haven,CT,,9053550194,,,mit.edu
"Price, Deckow and Pouros",Chicago,IL,,9896127430,,,ocn.ne.jp
Schultz - Bednar,New York,NY,,9293572562,,oster@yahoo.com,bigcartel.com
Thiel LLC,Philadelphia,PA,,2265766115,,denism@live.com,de.vu
Thiel - Hirthe,Atlanta,GA,,9762046820,,isotopian@msn.com,constantcontact.com
"Hyatt, Gleason and Rau",Cincinnati,OH,,8947138966,7643794461,nullchar@yahoo.com,http://businessweek.com
Bogan and Sons,Portland,OR,,5677816577,,djupedal@yahoo.ca,illinois.edu
"Jast, Goodwin and Emard",Los Angeles,CA,,3905877639,,,google.co.jp
Botsford - Balistreri,,,,4568446892,,mchugh@icloud.com,goodreads.com
"Roberts, Lockman and Lebsack",Austin,TX,,6427164281,,garland@yahoo.com,hexun.com
Schuster - Sanford,Rochester,NY,,6446283381,,munjal@yahoo.com,hc360.com
Bradtke - Schaden,Baltimore,MD,,7967248962,,johnbob@comcast.net,theguardian.com
Howe - Tromp,Culver City,CA,,5449967903,,grdschl@msn.com,hud.gov
Kozey and Sons,Atlanta,GA,,9709255825,2744658723,erynf@sbcglobal.net,instagram.com
Hilll Inc,Denver,CO,,5258751904,,evans@icloud.com,xinhuanet.com
Bednar LLC,Wilmington,DE,,8375602601,,pthomsen@hotmail.com,msn.com
Torphy Group,Fairfax,VA,,6758476351,,jmorris@att.net,histats.com
"Kunze, Schoen and Wilkinson",Edmonton,AB,,6645261437,,tlinden@yahoo.ca,http://www.globo.com
Raynor and Sons,Toronto,ON,,9213657111,,osaru@msn.com,upenn.edu
"O'Keefe, Bechtelar and Pfannerstill",Knoxville,TN,,4349418341,,tangsh@verizon.net,youtube.com
Heller and Sons,San Francisco,CA,,3338646642,,liedra@outlook.com,skype.com
"Padberg, Barton and McGlynn",Syracuse,NY,,8296757240,,mpiotr@me.com,blogger.com
Zboncak - Davis,Boston,MA,,8264953069,2366496517,pajas@hotmail.com,uol.com.br
Armstrong - Gerlach,Greenville,SC,,4339013231,,,simplemachines.org
Mertz - Schuppe,Nashville,TN,,8956244628,,,livejournal.com
Rosenbaum - Homenick,San Diego,CA,,4142336064,,,live.com
Miller - Hermiston,Chicago,IL,,4975815569,,earmstro@comcast.net,spotify.com
Baumbach Group,Philadelphia,PA,,5586781102,3576805797,nanop@aol.com,prnewswire.com
Harris - Streich,New York,NY,,7577100202,,campware@yahoo.com,arizona.edu
Orn Inc,Madison,WI,,4204165394,,nasarius@yahoo.ca,fda.gov
"Will, Stoltenberg and Green",Philadelphia,PA,,9794831379,,gommix@icloud.com,zimbio.com
Thompson - Goodwin,Houston,TX,,4317494487,,,berkeley.edu
Harber - VonRueden,Nazareth,Israel,,4104752339,,,phpbb.com
Rogahn LLC,Philadelphia,PA,,4024144043,,,exblog.jp
Runolfsdottir - Kunze,Salt Lake City,UT,,7776097430,,,alexa.com
Nader Inc,Madison,WI,,8216447178,,,goo.ne.jp
Schmeler Group,Houston,TX,,4523374838,,,google.de
Stark - Brakus,Burlington,VT,,9344489500,,,webs.com
Smitham - Johns,Charlotte,NC,,5745241417,,hakim@live.com,slashdot.org
"Labadie, Gaylord and Dietrich",Cincinnati,OH,,7854264725,,hstiles@yahoo.ca,rediff.com
Kuphal - Mertz,Bristol,RI,,7434785111,,roamer@aol.com,disqus.com
Kassulke Group,Nashville,TN,,9444957402,,,mail.ru
Langworth - Lind,Nashville,TN,,7026370688,,miami@verizon.net,privacy.gov.au
Towne - White,Riverwoods,IL,,3759009742,,jeteve@gmail.com,360.cn
"Wyman, Becker and McDermott",Akron,OH,,7523118314,3054568342,kodeman@live.com,list-manage.com
Dickens - Langworth,Omaha,NE,,3812568254,2074009678,isotopian@live.com,biblegateway.com
Tremblay and Sons,Ellwood City,PA,,2352269120,,dbrobins@yahoo.ca,imdb.com
Block LLC,St. Louis,MO,,6827298914,,murdocj@yahoo.com,cpanel.net
Grimes - Sawayn,Wichita,KS,,5605720819,,bjoern@live.com,imageshack.us
"Ortiz, Kuvalis and Schowalter",Minneapolis,MN,,5854182639,,padme@mac.com,booking.com
"Wisozk, Treutel and Mayer",Milwaukie,OR,,9436583105,,,slate.com
Boyer - Gusikowski,Dallas,TX,,2996040643,,,xrea.com
Weimann LLC,Los Angeles,CA,,3874788732,,,amazon.de
"Borer, Jaskolski and Hudson",Overland Park,KS,,2799102811,,wbarker@hotmail.com,tripod.com
"McCullough, Williamson and Zulauf",Birmingham,AL,,4784387398,,flavell@att.net,prlog.org
Borer - Rutherford,Leawood,KS,,9075824426,,unreal@optonline.net,whitehouse.gov
"Stiedemann, Ryan and Swift",Appleton,WI,,9248739101,,bancboy@live.com,samsung.com
Mitchell - Fahey,New York,NY,,7646557004,,murty@gmail.com,about.me
"Lubowitz, Auer and Thompson",Baltimore,MD,,4639957183,,mjewell@yahoo.com,state.tx.us
Corwin - Hagenes,Houston,TX,,8074013018,,jfriedl@optonline.net,indiegogo.com
Barrows Group,Orlando,FL,,6384289196,,balchen@yahoo.com,newsvine.com
Casper - Schmidt,Brentwood,TN,,5918346725,,oster@yahoo.com,salon.com
"Keeling, Kunde and Lubowitz","Seattle, WA and Kansas City",MO,,5557980145,,falcao@yahoo.ca,usda.gov
"McGlynn, Jacobs and Cruickshank",Nashville,TN,,3192630674,,rafasgj@mac.com,github.io
Beier LLC,Branford,CT,,6957336346,,,taobao.com
Deckow - Kuphal,Portsmouth,NH,,5449124712,,,purevolume.com
Waters and Sons,Milwaukee,WI,,9964655559,,miltchev@verizon.net,paypal.com
Stracke - O'Connell,Tulsa,OK,,9626899432,,gumpish@yahoo.com,irs.gov
Miller and Sons,Sioux Falls,SD,,7623369035,,ozawa@live.com,dailymotion.com
Nicolas - Bogisich,Cincinnati,OH,,8582814036,,yamla@aol.com,nasa.gov
Lesch Group,Rochester,NY,,7844865620,,,ow.ly
Olson and Sons,Machester,NH,,4597556135,,,army.mil
Sawayn Group,St. Louis,MO,,8026717449,,citizenl@aol.com,mashable.com
White Inc,Omaha,NE,,2696071472,,geekoid@yahoo.com,mozilla.org
"Kerluke, Harber and Powlowski",Sacramento,CA,,2549939811,,louise@aol.com,time.com
"Upton, Breitenberg and Feeney",Charlotte,NC,,5514115603,,wainwrig@optonline.net,archive.org
Morissette Inc,Boise,ID,,3847519122,,ducasse@outlook.com,wp.com
Barrows - Kulas,Charleston,SC,,5707483482,,denton@optonline.net,nytimes.com
Renner and Sons,Concord,MA,,7704030754,,paulv@me.com,seattletimes.com
"Ferry, Wilkinson and Mitchell",Columbus,OH,,9822294857,,eegsa@me.com,google.nl
Feest - Hansen,Blackwood,NJ,,3106169503,4753782157,webteam@mac.com,ezinearticles.com
Ebert Group,Boston,MA,,3303487834,,benits@me.com,fc2.com
Bergnaum Inc,Baltimore,MD,,5233937137,,ehood@verizon.net,friendfeed.com
McDermott Group,Neptune,NJ,,2984631299,,mkearl@icloud.com,examiner.com
"Aufderhar, Bosco and Maggio",Atlanta,GA,,4893413193,,jusdisgi@msn.com,businesswire.com
"O'Hara, Flatley and Cruickshank",Franklin,TN,,6905179710,,,home.pl
Veum - Bergnaum,Anchorage,AK,,4983079975,,,guardian.co.uk
"Trantow, Emmerich and Cormier",Philadelphia,PA,,7265462474,,,state.gov
"Cormier, Huels and Schaefer",Wayzata,MN,,4885189945,,,netscape.com
Little LLC,New York ,NY,,3072384238,,,cam.ac.uk
Toy Inc,Atlanta,GA,,2312586185,,,cnbc.com
Homenick - Donnelly,Morristown,NJ,,5033488675,,,etsy.com
"Sauer, Wilderman and Boehm",Chambersburg,PA,,4425175885,,,woothemes.com
"Christiansen, Jaskolski and Carter",Charlotte,NC,,6162196515,,ehood@comcast.net,chron.com
Mitchell and Sons,"Phoenix, Nashville, and Dallas",,,6342351140,,dmouse@yahoo.com,devhub.com
Bergnaum Group,Dallas,TX,,5175568598,,gravyface@comcast.net,mtv.com
Mann - Hickle,Toronto,ON, Canada,4584136569,,syncnine@yahoo.com,cargocollective.com
Simonis Inc,Boston,MA,,5499484115,,oechslin@sbcglobal.net,yellowpages.com
Wisoky - O'Reilly,New York,NY,,2303817231,,hedwig@icloud.com,wikispaces.com
"Schaefer, Bernhard and Parker",Chicago,IL,,5453002185,,mrdvt@live.com,nature.com
Howe - Shields,Cleveland,OH,,5327638602,,tkrotchko@verizon.net,yale.edu
Hintz Group,Norfolk,VA,,3565082207,,arandal@sbcglobal.net,arstechnica.com
Kuvalis - Aufderhar,Houston,TX,,5724697418,,frederic@gmail.com,senate.gov
"Pollich, Ebert and Grimes",Culver City,CA,,3719767625,,rupak@yahoo.com,china.com.cn
Ebert and Sons,Milwaukee,WI,,7069557980,6635791573,pplinux@msn.com,g.co
Hegmann - Herzog,Newburgh,NY,,8306797210,,codex@sbcglobal.net,unc.edu
Hartmann - McCullough,West Orange,NJ,,3786320928,,jaffe@live.com,163.com
"O'Conner, Corkery and Huel",Denver,CO,,6434065878,,quantaman@yahoo.com,pinterest.com
Klein Inc,Kansas City,MO,,7514686156,,rtanter@outlook.com,flickr.com
"MacGyver, Schumm and Padberg",Roswell,GA,,5448108971,,ateniese@hotmail.com,liveinternet.ru
"Douglas, Cremin and Dach",Emeryville,CA,,8816994459,,,flavors.me
Sipes LLC,Los Angeles,CA,,2504554051,,,icio.us
Bergstrom - Farrell,Omaha,NE,,7505228824,,stecoop@msn.com,ihg.com
Johnston - O'Keefe,New Orleans,LA,,7528626974,,djupedal@gmail.com,wired.com
Dach - Weber,Colorado Springs,CO,,6722404070,,chlim@msn.com,freewebs.com
"Berge, Schiller and Toy",Fort Lauderdale,FL,,7943057137,,cremonini@msn.com,amazon.co.uk
"Koss, Satterfield and West",Seattle,WA,,5553217985,,padme@yahoo.com,bluehost.com
Bartell LLC,New York,NY,,8065611914,,darin@yahoo.com,youku.com
Bode LLC,Orlando,FL,,6539710341,,fallorn@optonline.net,aboutads.info
"Collins, Graham and Hills",Roanoke,VA,,9005005456,,sakusha@verizon.net,indiatimes.com
