CategoryPath,,CategoryName,CompanyName
Accessories/Amenities,Appliances,Appliances,Charles Schwab
Accessories/Amenities,Appliances,Appliances,Autoliv
Accessories/Amenities,Appliances,Appliances,Reliance Steel & Aluminum
Accessories/Amenities,Appliances,Appliances,Alphabet
Accessories/Amenities,Appliances,Appliances,Charter Communications
Accessories/Amenities,Appliances,Appliances,Parker-Hannifin
Accessories/Amenities,Appliances,Appliances,Eversource Energy
Accessories/Amenities,Appliances,Appliances,Baxter International
Accessories/Amenities,Appliances,Appliances,Asbury Automotive Group
Accessories/Amenities,Artificial Plants,Artificial Plants,Owens Corning
Accessories/Amenities,Artificial Plants,Artificial Plants,Jabil
Accessories/Amenities,Artificial Plants,Artificial Plants,Erie Insurance Group
Accessories/Amenities,Artificial Plants,Artificial Plants,WestRock
Accessories/Amenities,Artificial Plants,Artificial Plants,Exxon Mobil
Accessories/Amenities,Clocks/Mirrors,Clocks/Mirrors,Synchrony Financial
Accessories/Amenities,Clocks/Mirrors,Clocks/Mirrors,Arthur J. Gallagher
Accessories/Amenities,Clocks/Mirrors,Clocks/Mirrors,Anthem
Accessories/Amenities,Clocks/Mirrors,Clocks/Mirrors,J.M. Smucker
Accessories/Amenities,Clocks/Mirrors,Clocks/Mirrors,Zoetis
Accessories/Amenities,Clocks/Mirrors,Clocks/Mirrors,Textron
Accessories/Amenities,Clocks/Mirrors,Clocks/Mirrors,AIG
Accessories/Amenities,Clocks/Mirrors,Clocks/Mirrors,Dick's Sporting Goods
Accessories/Amenities,Clocks/Mirrors,Clocks/Mirrors,Amgen
Accessories/Amenities,Cook Tops,Cook Tops,United States Steel
Accessories/Amenities,Cook Tops,Cook Tops,Western Digital
Accessories/Amenities,Cook Tops,Cook Tops,Beacon Roofing Supply
Accessories/Amenities,Cook Tops,Cook Tops,Leidos Holdings
Accessories/Amenities,Cook Tops,Cook Tops,Wayfair
Accessories/Amenities,Decorative Furnishings,Decorative Furnishings,Sempra Energy
Accessories/Amenities,Decorative Furnishings,Decorative Furnishings,Goodyear Tire & Rubber
Accessories/Amenities,Decorative Furnishings,Decorative Furnishings,Amazon.com
Accessories/Amenities,Decorative Furnishings,Decorative Furnishings,Paccar
Accessories/Amenities,Decorative Furnishings,Decorative Furnishings,Visa
Accessories/Amenities,Decorative Furnishings,Decorative Furnishings,Eli Lilly
Accessories/Amenities,Decorative Furnishings,Decorative Furnishings,Marathon Oil
Accessories/Amenities,Decorative Furnishings,Decorative Furnishings,American Axle & Manufacturing
Accessories/Amenities,Decorative Furnishings,Decorative Furnishings,Stryker
Accessories/Amenities,Decorative Furnishings,Decorative Furnishings,C.H. Robinson Worldwide
Accessories/Amenities,Decorative Furnishings,Decorative Furnishings,Tenet Healthcare
Accessories/Amenities,Decorative Furnishings,Decorative Furnishings,Philip Morris International
Accessories/Amenities,Decorative Furnishings,Decorative Furnishings,Eversource Energy
Accessories/Amenities,Decorative Furnishings,Decorative Furnishings,EnLink Midstream
Accessories/Amenities,Decorative Furnishings,Decorative Furnishings,Jones Lang LaSalle
Accessories/Amenities,Decorative Furnishings,Decorative Furnishings,Wells Fargo
Accessories/Amenities,Decorative Furnishings,Decorative Furnishings,NRG Energy
Accessories/Amenities,Decorative Furnishings,Decorative Furnishings,Walgreens Boots Alliance
Accessories/Amenities,Decorative Furnishings,Decorative Furnishings,Keurig Dr Pepper
Accessories/Amenities,Decorative Furnishings,Decorative Furnishings,American Financial Group
Accessories/Amenities,Decorative Furnishings,Decorative Furnishings,Target
Accessories/Amenities,Decorative Furnishings,Decorative Furnishings,Dover
Accessories/Amenities,Decorative Furnishings,Decorative Furnishings,W.W. Grainger
Accessories/Amenities,Decorative Furnishings,Decorative Furnishings,Molson Coors Brewing
Accessories/Amenities,Decorative Furnishings,Decorative Furnishings,Dean Foods
Accessories/Amenities,Decorative Furnishings,Decorative Furnishings,Performance Food Group
Accessories/Amenities,Decorative Furnishings,Decorative Furnishings,EOG Resources
Accessories/Amenities,Decorative Furnishings,Decorative Furnishings,FirstEnergy
Accessories/Amenities,Decorative Furnishings,Decorative Furnishings,Plains GP Holdings
Accessories/Amenities,Decorative Furnishings,Decorative Furnishings,McDonald's
Accessories/Amenities,Decorative Furnishings,Decorative Furnishings,Stanley Black & Decker
Accessories/Amenities,Decorative Furnishings,Decorative Furnishings,Aramark
Accessories/Amenities,Decorative Furnishings,Decorative Furnishings,Alaska Air Group
Accessories/Amenities,Decorative Furnishings,Decorative Furnishings,Nationwide
Accessories/Amenities,Decorative Furnishings,Decorative Furnishings,Oracle
Accessories/Amenities,Decorative Furnishings,Decorative Furnishings,Clorox
Accessories/Amenities,Decorative Furnishings,Decorative Furnishings,DISH Network
Accessories/Amenities,Decorative Furnishings,Decorative Furnishings,Lear
Accessories/Amenities,Decorative Furnishings,Decorative Furnishings,Union Pacific
Accessories/Amenities,Fitness Equipment,Fitness Equipment,Interpublic Group
Accessories/Amenities,Fitness Equipment,Fitness Equipment,Stryker
Accessories/Amenities,Fitness Equipment,Fitness Equipment,Synnex
Accessories/Amenities,Fitness Equipment,Fitness Equipment,CDW
Accessories/Amenities,Games,Games,Sempra Energy
Accessories/Amenities,Games,Games,L3 Technologies
Accessories/Amenities,Games,Games,Target
Accessories/Amenities,Minibars,Minibars,EMCOR Group
Accessories/Amenities,Minibars,Minibars,Wayfair
Accessories/Amenities,Minibars,Minibars,Lithia Motors
Accessories/Amenities,Minibars,Minibars,United Rentals
Accessories/Amenities,Minibars,Minibars,Tenneco
Accessories/Amenities,Minibars,Minibars,Massachusetts Mutual Life Insurance
Accessories/Amenities,Minibars,Minibars,Booz Allen Hamilton
Accessories/Amenities,Minibars,Minibars,Oracle
Accessories/Amenities,Minibars,Minibars,Office Depot
Accessories/Amenities,Minibars,Minibars,Pacific Life
Accessories/Amenities,Minibars,Minibars,Nationwide
Accessories/Amenities,Minibars,Minibars,Avnet
Accessories/Amenities,Outdoor Kitchens,Outdoor Kitchens,McKesson
Accessories/Amenities,Outdoor Kitchens,Outdoor Kitchens,Yum China Holdings
Accessories/Amenities,Outdoor Kitchens,Outdoor Kitchens,Kimberly-Clark
Accessories/Amenities,Outdoor Kitchens,Outdoor Kitchens,Ecolab
Accessories/Amenities,Outdoor Kitchens,Outdoor Kitchens,Newell Brands
Accessories/Amenities,Outdoor Kitchens,Outdoor Kitchens,Procter & Gamble
Accessories/Amenities,Outdoor Kitchens,Outdoor Kitchens,BlackRock
Accessories/Amenities,Outdoor Kitchens,Outdoor Kitchens,Clorox
Accessories/Amenities,Outdoor Kitchens,Outdoor Kitchens,Fortive
Accessories/Amenities,Outdoor Kitchens,Outdoor Kitchens,Foot Locker
Accessories/Amenities,Outdoor Kitchens,Outdoor Kitchens,PVH
Accessories/Amenities,Outdoor Kitchens,Outdoor Kitchens,Activision Blizzard
Accessories/Amenities,Outdoor Kitchens,Outdoor Kitchens,Sherwin-Williams
Accessories/Amenities,Outdoor Kitchens,Outdoor Kitchens,Lennar
Accessories/Amenities,Outdoor Kitchens,Outdoor Kitchens,Best Buy
Accessories/Amenities,Outdoor Kitchens,Outdoor Kitchens,CMS Energy
Accessories/Amenities,Outdoor Kitchens,Outdoor Kitchens,EnLink Midstream
Accessories/Amenities,Outdoor Kitchens,Outdoor Kitchens,NCR
Accessories/Amenities,Planters,Planters,Las Vegas Sands
Accessories/Amenities,Planters,Planters,Northwestern Mutual
Accessories/Amenities,Planters,Planters,Target
Accessories/Amenities,Planters,Planters,Magellan Health
Accessories/Amenities,Planters,Planters,Expeditors Intl. of Washington
Accessories/Amenities,Planters,Planters,PNC Financial Services
Accessories/Amenities,Planters,Planters,First Data
Accessories/Amenities,Planters,Planters,AGCO
Accessories/Amenities,Planters,Planters,Goldman Sachs Group
Accessories/Amenities,Planters,Planters,Gap
Accessories/Amenities,Seasonal,Seasonal,Genuine Parts
Accessories/Amenities,Seasonal,Seasonal,Aflac
Accessories/Amenities,Seasonal,Seasonal,TravelCenters of America
Accessories/Amenities,Seasonal,Seasonal,ManpowerGroup
Accessories/Amenities,Seasonal,Seasonal,Altice USA
Accessories/Amenities,Seasonal,Seasonal,Lincoln National
Accessories/Amenities,Seasonal,Seasonal,Johnson & Johnson
Accessories/Amenities,Seasonal,Seasonal,Cardinal Health
Accessories/Amenities,Serviceware & Tableware,Serviceware & Tableware,Cintas
Accessories/Amenities,Serviceware & Tableware,Serviceware & Tableware,Corning
Accessories/Amenities,Serviceware & Tableware,Serviceware & Tableware,Texas Instruments
Accessories/Amenities,Serviceware & Tableware,Serviceware & Tableware,Qurate Retail
Accessories/Amenities,Serviceware & Tableware,Serviceware & Tableware,Booz Allen Hamilton
Accessories/Amenities,Serviceware & Tableware,Serviceware & Tableware,Dollar Tree
Accessories/Amenities,Serviceware & Tableware,Serviceware & Tableware,Navistar International
Accessories/Amenities,Serviceware & Tableware,Serviceware & Tableware,Kohl's
Accessories/Amenities,Umbrellas/Shades,Umbrellas/Shades,Assurant
Accessories/Amenities,Umbrellas/Shades,Umbrellas/Shades,Jacobs Engineering Group
Accessories/Amenities,Umbrellas/Shades,Umbrellas/Shades,Global Partners
Accessories/Amenities,Umbrellas/Shades,Umbrellas/Shades,Sempra Energy
Accessories/Amenities,Umbrellas/Shades,Umbrellas/Shades,Charter Communications
Accessories/Amenities,Umbrellas/Shades,Umbrellas/Shades,Hartford Financial Services
Accessories/Amenities,Umbrellas/Shades,Umbrellas/Shades,HollyFrontier
Accessories/Amenities,Umbrellas/Shades,Umbrellas/Shades,Cigna
Accessories/Amenities,Umbrellas/Shades,Umbrellas/Shades,Air Products & Chemicals
Accessories/Amenities,Umbrellas/Shades,Umbrellas/Shades,Raymond James Financial
Accessories/Amenities,Umbrellas/Shades,Umbrellas/Shades,American Airlines Group
Accessories/Amenities,Umbrellas/Shades,Umbrellas/Shades,Wells Fargo
Accessories/Amenities,Umbrellas/Shades,Umbrellas/Shades,State Farm Insurance
Accessories/Amenities,Umbrellas/Shades,Umbrellas/Shades,Texas Instruments
Accessories/Amenities,Umbrellas/Shades,Umbrellas/Shades,Kinder Morgan
Accessories/Amenities,Umbrellas/Shades,Umbrellas/Shades,JetBlue Airways
Accessories/Amenities,Umbrellas/Shades,Umbrellas/Shades,Univar
Accessories/Amenities,Umbrellas/Shades,Umbrellas/Shades,Kinder Morgan
Accessories/Amenities,Umbrellas/Shades,Umbrellas/Shades,DXC Technology
Accessories/Amenities,Umbrellas/Shades,Umbrellas/Shades,Charter Communications
Accessories/Amenities,Umbrellas/Shades,Umbrellas/Shades,AT&T
Accessories/Amenities,Umbrellas/Shades,Umbrellas/Shades,AECOM
Accessories/Amenities,Umbrellas/Shades,Umbrellas/Shades,Ross Stores
Accessories/Amenities,Umbrellas/Shades,Umbrellas/Shades,Global Partners
Accessories/Amenities,Water Features,Water Features,Altria Group
Accessories/Amenities,Water Features,Water Features,Nationwide
Accessories/Amenities,Water Features,Water Features,Universal Health Services
Accessories/Amenities,Water Features,Water Features,Oracle
Accessories/Amenities,Water Features,Water Features,Autoliv
Accessories/Amenities,Water Features,Water Features,Levi Strauss
Accessories/Amenities,Water Features,Water Features,Estee Lauder
Artwork,Art Consultants,Art Consultants,Yum China Holdings
Artwork,Art Consultants,Art Consultants,Altria Group
Artwork,Art Consultants,Art Consultants,Berkshire Hathaway
Artwork,Art Consultants,Art Consultants,Analog Devices
Artwork,Art Consultants,Art Consultants,Spirit AeroSystems Holdings
Artwork,Art Consultants,Art Consultants,Murphy USA
Artwork,Art Consultants,Art Consultants,Delta Air Lines
Artwork,Original,Original,Ameren
Artwork,Original,Original,American Financial Group
Artwork,Original,Original,Biogen
Artwork,Original,Original,Omnicom Group
Artwork,Original,Original,Liberty Media
Artwork,Paintings/Murals,Paintings/Murals,Intuit
Artwork,Paintings/Murals,Paintings/Murals,Starbucks
Artwork,Paintings/Murals,Paintings/Murals,SunTrust Banks
Artwork,Paintings/Murals,Paintings/Murals,Southern
Artwork,Paintings/Murals,Paintings/Murals,Xerox
Artwork,Paintings/Murals,Paintings/Murals,United Natural Foods
Artwork,Paintings/Murals,Paintings/Murals,Jefferies Financial Group
Artwork,Paintings/Murals,Paintings/Murals,Tesla
Artwork,Paintings/Murals,Paintings/Murals,CBS
Artwork,Paintings/Murals,Paintings/Murals,AT&T
Artwork,Paintings/Murals,Paintings/Murals,Consolidated Edison
Artwork,Paintings/Murals,Paintings/Murals,Ford Motor
Artwork,Paintings/Murals,Paintings/Murals,Ally Financial
Artwork,Paintings/Murals,Paintings/Murals,Intuit
Artwork,Paintings/Murals,Paintings/Murals,Marathon Petroleum
Artwork,Paintings/Murals,Paintings/Murals,Dominion Energy
Artwork,Paintings/Murals,Paintings/Murals,US Foods Holding
Artwork,Paintings/Murals,Paintings/Murals,Campbell Soup
Artwork,Paintings/Murals,Paintings/Murals,Vistra Energy
Artwork,Paintings/Murals,Paintings/Murals,American Axle & Manufacturing
Artwork,Paintings/Murals,Paintings/Murals,Eversource Energy
Artwork,Photography,Photography,Mastercard
Artwork,Photography,Photography,Darden Restaurants
Artwork,Photography,Photography,Casey's General Stores
Artwork,Photography,Photography,NGL Energy Partners
Artwork,Photography,Photography,Dover
Artwork,Photography,Photography,L3 Technologies
Artwork,Photography,Photography,Owens Corning
Artwork,Picture Frames,Picture Frames,IBM
Artwork,Picture Frames,Picture Frames,Ryder System
Artwork,Picture Frames,Picture Frames,Target
Artwork,Picture Frames,Picture Frames,Qurate Retail
Artwork,Picture Frames,Picture Frames,M&T Bank Corp.
Artwork,Prints/Reproductions,Prints/Reproductions,Eversource Energy
Artwork,Prints/Reproductions,Prints/Reproductions,Weyerhaeuser
Artwork,Prints/Reproductions,Prints/Reproductions,Ingredion
Artwork,Prints/Reproductions,Prints/Reproductions,Marathon Petroleum
Artwork,Prints/Reproductions,Prints/Reproductions,Cintas
Artwork,Prints/Reproductions,Prints/Reproductions,R.R. Donnelley & Sons
Artwork,Prints/Reproductions,Prints/Reproductions,Boeing
Artwork,Prints/Reproductions,Prints/Reproductions,Aramark
Artwork,Prints/Reproductions,Prints/Reproductions,J.M. Smucker
Artwork,Prints/Reproductions,Prints/Reproductions,USAA
Artwork,Prints/Reproductions,Prints/Reproductions,AGCO
Artwork,Prints/Reproductions,Prints/Reproductions,Progressive
Artwork,Prints/Reproductions,Prints/Reproductions,AGCO
Artwork,Prints/Reproductions,Prints/Reproductions,Travelers
Artwork,Prints/Reproductions,Prints/Reproductions,S&P Global
Artwork,Prints/Reproductions,Prints/Reproductions,Amgen
Artwork,Prints/Reproductions,Prints/Reproductions,Chemours
Artwork,Prints/Reproductions,Prints/Reproductions,Mosaic
Artwork,Prints/Reproductions,Prints/Reproductions,Edison International
Artwork,Prints/Reproductions,Prints/Reproductions,Reliance Steel & Aluminum
Artwork,Prints/Reproductions,Prints/Reproductions,Merck
Artwork,Prints/Reproductions,Prints/Reproductions,Corning
Artwork,Prints/Reproductions,Prints/Reproductions,BJ's Wholesale Club
Artwork,Prints/Reproductions,Prints/Reproductions,Mondelez International
Artwork,Prints/Reproductions,Prints/Reproductions,Tesla
Artwork,Prints/Reproductions,Prints/Reproductions,Mosaic
Artwork,Prints/Reproductions,Prints/Reproductions,Boston Scientific
Artwork,Prints/Reproductions,Prints/Reproductions,PNC Financial Services
Artwork,Sculpture,Sculpture,Enterprise Products Partners
Artwork,Sculpture,Sculpture,Tenet Healthcare
Artwork,Sculpture,Sculpture,Occidental Petroleum
Artwork,Stained Glass,Stained Glass,Core-Mark Holding
Artwork,Stained Glass,Stained Glass,Phillips 66
Artwork,Stained Glass,Stained Glass,CSX
Artwork,Stained Glass,Stained Glass,Bank of New York Mellon
Artwork,Stained Glass,Stained Glass,Republic Services
Artwork,Stained Glass,Stained Glass,HD Supply Holdings
Artwork,Stained Glass,Stained Glass,Booking Holdings
Artwork,Stained Glass,Stained Glass,ConocoPhillips
Artwork,Stained Glass,Stained Glass,Alliance Data Systems
Artwork,Stained Glass,Stained Glass,Blackstone Group
Artwork,Stained Glass,Stained Glass,HP
Artwork,Stained Glass,Stained Glass,Wynn Resorts
Artwork,Stained Glass,Stained Glass,Honeywell International
Artwork,Stained Glass,Stained Glass,DuPont de Nemours
Artwork,Stained Glass,Stained Glass,McKesson
Artwork,Stained Glass,Stained Glass,Southern
Artwork,Stained Glass,Stained Glass,Dominion Energy
Bath/Spa,Accessories,Accessories,Texas Instruments
Bath/Spa,Accessories,Accessories,Merck
Bath/Spa,Accessories,Accessories,General Mills
Bath/Spa,Accessories,Accessories,General Dynamics
Bath/Spa,Accessories,Accessories,Icahn Enterprises
Bath/Spa,Accessories,Accessories,GameStop
Bath/Spa,Accessories,Accessories,Rockwell Collins
Bath/Spa,Accessories,Accessories,Travelers
Bath/Spa,Accessories,Accessories,Caterpillar
Bath/Spa,Accessories,Accessories,Adobe
Bath/Spa,Accessories,Accessories,Humana
Bath/Spa,Accessories,Accessories,Stanley Black & Decker
Bath/Spa,Accessories,Accessories,Ulta Beauty
Bath/Spa,Accessories,Accessories,Whirlpool
Bath/Spa,Bath Linens,Bath Linens,Cigna
Bath/Spa,Bath Linens,Bath Linens,Coca-Cola
Bath/Spa,Bath Linens,Bath Linens,Apple
Bath/Spa,Plumbing Fixtures & Equipment,Plumbing Fixtures & Equipment,Windstream Holdings
Bath/Spa,Plumbing Fixtures & Equipment,Plumbing Fixtures & Equipment,Arthur J. Gallagher
Bath/Spa,Plumbing Fixtures & Equipment,Plumbing Fixtures & Equipment,NGL Energy Partners
Bath/Spa,Plumbing Fixtures & Equipment,Plumbing Fixtures & Equipment,CenturyLink
Bath/Spa,Plumbing Fixtures & Equipment,Plumbing Fixtures & Equipment,eBay
Bath/Spa,Plumbing Fixtures & Equipment,Plumbing Fixtures & Equipment,First Data
Bath/Spa,Plumbing Fixtures & Equipment,Plumbing Fixtures & Equipment,WellCare Health Plans
Bath/Spa,Plumbing Fixtures & Equipment,Plumbing Fixtures & Equipment,Auto-Owners Insurance
Bath/Spa,Plumbing Fixtures & Equipment,Plumbing Fixtures & Equipment,Lear
Bath/Spa,Plumbing Fixtures & Equipment,Plumbing Fixtures & Equipment,DaVita
Bath/Spa,Plumbing Fixtures & Equipment,Plumbing Fixtures & Equipment,ConocoPhillips
Bath/Spa,Plumbing Fixtures & Equipment,Plumbing Fixtures & Equipment,W.W. Grainger
Bath/Spa,Plumbing Fixtures & Equipment,Plumbing Fixtures & Equipment,BB&T Corp.
Bath/Spa,Plumbing Fixtures & Equipment,Plumbing Fixtures & Equipment,Advance Auto Parts
Bath/Spa,Plumbing Fixtures & Equipment,Plumbing Fixtures & Equipment,Omnicom Group
Bath/Spa,Plumbing Fixtures & Equipment,Plumbing Fixtures & Equipment,First American Financial
Bath/Spa,Robes/Slippers,Robes/Slippers,Erie Insurance Group
Bath/Spa,Robes/Slippers,Robes/Slippers,Booking Holdings
Bath/Spa,Robes/Slippers,Robes/Slippers,Aflac
Bath/Spa,Robes/Slippers,Robes/Slippers,Thor Industries
Bath/Spa,Shower Curtains/Enclosures,Shower Curtains/Enclosures,Dell Technologies
Bath/Spa,Shower Curtains/Enclosures,Shower Curtains/Enclosures,TIAA
Bath/Spa,Shower Curtains/Enclosures,Shower Curtains/Enclosures,U.S. Bancorp
Bath/Spa,Shower Curtains/Enclosures,Shower Curtains/Enclosures,Henry Schein
Bath/Spa,Shower Curtains/Enclosures,Shower Curtains/Enclosures,Netflix
Bath/Spa,Shower Curtains/Enclosures,Shower Curtains/Enclosures,Coty
Bath/Spa,Shower Curtains/Enclosures,Shower Curtains/Enclosures,Motorola Solutions
Bath/Spa,Sinks/Vanities,Sinks/Vanities,Halliburton
Bath/Spa,Sinks/Vanities,Sinks/Vanities,Lam Research
Bath/Spa,Sinks/Vanities,Sinks/Vanities,WESCO International
Bath/Spa,Spa Equipment,Spa Equipment,Polaris Industries
Bath/Spa,Spa Equipment,Spa Equipment,Verizon Communications
Bath/Spa,Spa Equipment,Spa Equipment,Advanced Micro Devices
Bath/Spa,Spa Equipment,Spa Equipment,AK Steel Holding
Bath/Spa,Spa Equipment,Spa Equipment,Stryker
Bath/Spa,Spa Equipment,Spa Equipment,Hanesbrands
Bath/Spa,Spa Equipment,Spa Equipment,L Brands
Bath/Spa,Spa Equipment,Spa Equipment,National Oilwell Varco
Bath/Spa,Storage,Storage,Nvidia
Bath/Spa,Storage,Storage,Ralph Lauren
Bath/Spa,Storage,Storage,Hewlett Packard Enterprise
Bath/Spa,Storage,Storage,ABM Industries
Bath/Spa,Storage,Storage,Lockheed Martin
Bath/Spa,Storage,Storage,Huntsman
Bath/Spa,Storage,Storage,VF
Bath/Spa,Storage,Storage,Adobe
Bath/Spa,Storage,Storage,Jefferies Financial Group
Bath/Spa,Storage,Storage,Altria Group
Bath/Spa,Storage,Storage,General Motors
Bath/Spa,Storage,Storage,Harley-Davidson
Bath/Spa,Storage,Storage,Whirlpool
Bath/Spa,Storage,Storage,Paccar
Bath/Spa,Surfacing Materials,Surfacing Materials,DaVita
Bath/Spa,Surfacing Materials,Surfacing Materials,D.R. Horton
Bath/Spa,Surfacing Materials,Surfacing Materials,HCA Healthcare
Bath/Spa,Surfacing Materials,Surfacing Materials,Johnson & Johnson
Bath/Spa,Surfacing Materials,Surfacing Materials,iHeartMedia
Bath/Spa,Surfacing Materials,Surfacing Materials,CVS Health
Bath/Spa,Surfacing Materials,Surfacing Materials,Texas Instruments
Bath/Spa,Surfacing Materials,Surfacing Materials,Macy's
Bath/Spa,Surfacing Materials,Surfacing Materials,O'Reilly Automotive
Bath/Spa,Surfacing Materials,Surfacing Materials,Booz Allen Hamilton
Bath/Spa,Surfacing Materials,Surfacing Materials,Dick's Sporting Goods
Bath/Spa,Toilets,Toilets,Broadcom
Bath/Spa,Toilets,Toilets,Verizon Communications
Bath/Spa,Toilets,Toilets,Thor Industries
Bath/Spa,Toilets,Toilets,CVS Health
Bath/Spa,Tubs and Showers,Tubs and Showers,UGI
Bath/Spa,Tubs and Showers,Tubs and Showers,Polaris Industries
Bath/Spa,Tubs and Showers,Tubs and Showers,American Axle & Manufacturing
Bath/Spa,Tubs and Showers,Tubs and Showers,Rockwell Collins
Beds & Bedding,Bed Linens/Comforters/Duvets,Bed Linens/Comforters/Duvets,Air Products & Chemicals
Beds & Bedding,Bed Linens/Comforters/Duvets,Bed Linens/Comforters/Duvets,WEC Energy Group
Beds & Bedding,Bed Linens/Comforters/Duvets,Bed Linens/Comforters/Duvets,Brighthouse Financial
Beds & Bedding,Bed Linens/Comforters/Duvets,Bed Linens/Comforters/Duvets,Marathon Oil
Beds & Bedding,Bed Linens/Comforters/Duvets,Bed Linens/Comforters/Duvets,Ryder System
Beds & Bedding,Bed Linens/Comforters/Duvets,Bed Linens/Comforters/Duvets,Jacobs Engineering Group
Beds & Bedding,Bed Linens/Comforters/Duvets,Bed Linens/Comforters/Duvets,Casey's General Stores
Beds & Bedding,Bed Linens/Comforters/Duvets,Bed Linens/Comforters/Duvets,SunTrust Banks
Beds & Bedding,Bed Linens/Comforters/Duvets,Bed Linens/Comforters/Duvets,Leidos Holdings
Beds & Bedding,Bed Linens/Comforters/Duvets,Bed Linens/Comforters/Duvets,Ross Stores
Beds & Bedding,Bed Linens/Comforters/Duvets,Bed Linens/Comforters/Duvets,Ball
Beds & Bedding,Bed Linens/Comforters/Duvets,Bed Linens/Comforters/Duvets,Performance Food Group
Beds & Bedding,Box Springs,Box Springs,Hormel Foods
Beds & Bedding,Box Springs,Box Springs,Anadarko Petroleum
Beds & Bedding,Box Springs,Box Springs,Beacon Roofing Supply
Beds & Bedding,Box Springs,Box Springs,A-Mark Precious Metals
Beds & Bedding,Box Springs,Box Springs,Eversource Energy
Beds & Bedding,Box Springs,Box Springs,Northwestern Mutual
Beds & Bedding,Box Springs,Box Springs,WEC Energy Group
Beds & Bedding,Box Springs,Box Springs,Ameriprise Financial
Beds & Bedding,Box Springs,Box Springs,Alliance Data Systems
Beds & Bedding,Box Springs,Box Springs,Becton Dickinson
Beds & Bedding,Headboards,Headboards,Valero Energy
Beds & Bedding,Headboards,Headboards,Netflix
Beds & Bedding,Headboards,Headboards,CBRE Group
Beds & Bedding,Headboards,Headboards,Stryker
Beds & Bedding,Headboards,Headboards,PG&E
Beds & Bedding,Headboards,Headboards,Whirlpool
Beds & Bedding,Headboards,Headboards,Dollar Tree
Beds & Bedding,Headboards,Headboards,CenterPoint Energy
Beds & Bedding,Headboards,Headboards,Publix Super Markets
Beds & Bedding,Headboards,Headboards,INTL FCStone
Beds & Bedding,Headboards,Headboards,Old Republic International
Beds & Bedding,Headboards,Headboards,Walt Disney
Beds & Bedding,Headboards,Headboards,Mohawk Industries
Beds & Bedding,Headboards,Headboards,Abbott Laboratories
Beds & Bedding,Headboards,Headboards,Unum Group
Beds & Bedding,Mattresses,Mattresses,Air Products & Chemicals
Beds & Bedding,Mattresses,Mattresses,Assurant
Beds & Bedding,Mattresses,Mattresses,Hartford Financial Services
Beds & Bedding,Mattresses,Mattresses,Hewlett Packard Enterprise
Beds & Bedding,Mattresses,Mattresses,Analog Devices
Beds & Bedding,Mattresses,Mattresses,AbbVie
Beds & Bedding,Mattresses,Mattresses,PulteGroup
Beds & Bedding,Pillows,Pillows,CMS Energy
Beds & Bedding,Pillows,Pillows,Stanley Black & Decker
Beds & Bedding,Pillows,Pillows,M&T Bank Corp.
Beds & Bedding,Pillows,Pillows,General Electric
Beds & Bedding,Pillows,Pillows,NextEra Energy
Beds & Bedding,Pillows,Pillows,PulteGroup
Beds & Bedding,Pillows,Pillows,Plains GP Holdings
Beds & Bedding,Pillows,Pillows,National Oilwell Varco
Beds & Bedding,Pillows,Pillows,Cisco Systems
Beds & Bedding,Pillows,Pillows,EOG Resources
Beds & Bedding,Pillows,Pillows,Danaher
Beds & Bedding,Pillows,Pillows,National Oilwell Varco
Beds & Bedding,Pillows,Pillows,PBF Energy
Beds & Bedding,Pillows,Pillows,Gilead Sciences
Beds & Bedding,Pillows,Pillows,Tenneco
Beds & Bedding,Pillows,Pillows,Kimberly-Clark
Beds & Bedding,Sofabeds/Wallbeds,Sofabeds/Wallbeds,Genworth Financial
Beds & Bedding,Sofabeds/Wallbeds,Sofabeds/Wallbeds,Realogy Holdings
Beds & Bedding,Sofabeds/Wallbeds,Sofabeds/Wallbeds,Frontier Communications
Beds & Bedding,Sofabeds/Wallbeds,Sofabeds/Wallbeds,Keurig Dr Pepper
Beds & Bedding,Sofabeds/Wallbeds,Sofabeds/Wallbeds,Penske Automotive Group
Beds & Bedding,Sofabeds/Wallbeds,Sofabeds/Wallbeds,Icahn Enterprises
Beds & Bedding,Specialty Beds,Specialty Beds,Synnex
Beds & Bedding,Specialty Beds,Specialty Beds,Autoliv
Beds & Bedding,Specialty Beds,Specialty Beds,Navient
Beds & Bedding,Specialty Beds,Specialty Beds,NetApp
Beds & Bedding,Specialty Beds,Specialty Beds,Penske Automotive Group
Beds & Bedding,Specialty Beds,Specialty Beds,Westlake Chemical
Beds & Bedding,Specialty Beds,Specialty Beds,Ulta Beauty
Beds & Bedding,Specialty Beds,Specialty Beds,Progressive
Beds & Bedding,Specialty Beds,Specialty Beds,Tyson Foods
Building Products,Acoustical,Acoustical,Air Products & Chemicals
Building Products,Acoustical,Acoustical,Reliance Steel & Aluminum
Building Products,Acoustical,Acoustical,W.W. Grainger
Building Products,Acoustical,Acoustical,Eli Lilly
Building Products,Acoustical,Acoustical,Loews
Building Products,Acoustical,Acoustical,Peabody Energy
Building Products,Acoustical,Acoustical,CarMax
Building Products,Acoustical,Acoustical,Paccar
Building Products,Acoustical,Acoustical,General Mills
Building Products,Acoustical,Acoustical,Illinois Tool Works
Building Products,Acoustical,Acoustical,Intel
Building Products,Awnings/Canopies,Awnings/Canopies,Illinois Tool Works
Building Products,Awnings/Canopies,Awnings/Canopies,Kellogg
Building Products,Awnings/Canopies,Awnings/Canopies,Williams
Building Products,Awnings/Canopies,Awnings/Canopies,Deere
Building Products,Awnings/Canopies,Awnings/Canopies,Ball
Building Products,Awnings/Canopies,Awnings/Canopies,ConocoPhillips
Building Products,Awnings/Canopies,Awnings/Canopies,Levi Strauss
Building Products,Awnings/Canopies,Awnings/Canopies,Exxon Mobil
Building Products,Awnings/Canopies,Awnings/Canopies,Baxter International
Building Products,Awnings/Canopies,Awnings/Canopies,Quest Diagnostics
Building Products,Awnings/Canopies,Awnings/Canopies,Dover
Building Products,Awnings/Canopies,Awnings/Canopies,USAA
Building Products,Awnings/Canopies,Awnings/Canopies,HD Supply Holdings
Building Products,Awnings/Canopies,Awnings/Canopies,BorgWarner
Building Products,Awnings/Canopies,Awnings/Canopies,State Farm Insurance
Building Products,Awnings/Canopies,Awnings/Canopies,Burlington Stores
Building Products,Awnings/Canopies,Awnings/Canopies,Alcoa
Building Products,Awnings/Canopies,Awnings/Canopies,Olin
Building Products,Awnings/Canopies,Awnings/Canopies,Deere
Building Products,Awnings/Canopies,Awnings/Canopies,Freeport-McMoRan
Building Products,Awnings/Canopies,Awnings/Canopies,Quest Diagnostics
Building Products,Awnings/Canopies,Awnings/Canopies,Pacific Life
Building Products,Awnings/Canopies,Awnings/Canopies,Crown Holdings
Building Products,Awnings/Canopies,Awnings/Canopies,HD Supply Holdings
Building Products,Awnings/Canopies,Awnings/Canopies,Twenty-First Century Fox
Building Products,Ceilings,Ceilings,Lam Research
Building Products,Ceilings,Ceilings,Ross Stores
Building Products,Ceilings,Ceilings,Williams
Building Products,Ceilings,Ceilings,U.S. Bancorp
Building Products,Ceilings,Ceilings,New York Life Insurance
Building Products,Ceilings,Ceilings,Global Partners
Building Products,Ceilings,Ceilings,Harris
Building Products,Ceilings,Ceilings,Lithia Motors
Building Products,Ceilings,Ceilings,Facebook
Building Products,Ceilings,Ceilings,Dollar General
Building Products,Ceilings,Ceilings,AES
Building Products,Ceilings,Ceilings,Union Pacific
Building Products,Ceilings,Ceilings,Leidos Holdings
Building Products,Ceilings,Ceilings,Cardinal Health
Building Products,Ceilings,Ceilings,Marathon Petroleum
Building Products,Ceilings,Ceilings,Unum Group
Building Products,Ceilings,Ceilings,Micron Technology
Building Products,Ceilings,Ceilings,Marriott International
Building Products,Ceilings,Ceilings,AECOM
Building Products,Ceilings,Ceilings,Broadcom
Building Products,Ceilings,Ceilings,Windstream Holdings
Building Products,Ceilings,Ceilings,Zoetis
Building Products,Ceilings,Ceilings,Supervalu
Building Products,Ceilings,Ceilings,Paccar
Building Products,Ceilings,Ceilings,Molson Coors Brewing
Building Products,Ceilings,Ceilings,Marathon Petroleum
Building Products,Ceilings,Ceilings,AES
Building Products,Ceilings,Ceilings,Land O'Lakes
Building Products,Ceilings,Ceilings,AK Steel Holding
Building Products,Ceilings,Ceilings,Kroger
Building Products,Ceilings,Ceilings,Analog Devices
Building Products,Ceilings,Ceilings,Cigna
Building Products,Ceilings,Ceilings,Group 1 Automotive
Building Products,Columns,Columns,Westlake Chemical
Building Products,Columns,Columns,ADP
Building Products,Columns,Columns,UnitedHealth Group
Building Products,Columns,Columns,Unum Group
Building Products,Columns,Columns,Prudential Financial
Building Products,Columns,Columns,Supervalu
Building Products,Columns,Columns,Delek US Holdings
Building Products,Columns,Columns,Guardian Life Ins. Co. of America
Building Products,Columns,Columns,Coty
Building Products,Columns,Columns,Tyson Foods
Building Products,Decorative Glass,Decorative Glass,Berry Global Group
Building Products,Decorative Glass,Decorative Glass,Mosaic
Building Products,Decorative Glass,Decorative Glass,EnLink Midstream
Building Products,Decorative Glass,Decorative Glass,Energy Transfer
Building Products,Decorative Glass,Decorative Glass,CMS Energy
Building Products,Decorative Glass,Decorative Glass,Kohl's
Building Products,Decorative Glass,Decorative Glass,Philip Morris International
Building Products,Decorative Glass,Decorative Glass,Arthur J. Gallagher
Building Products,Decorative Glass,Decorative Glass,Spirit AeroSystems Holdings
Building Products,Decorative Glass,Decorative Glass,Farmers Insurance Exchange
Building Products,Decorative Glass,Decorative Glass,EMCOR Group
Building Products,Decorative Glass,Decorative Glass,HCA Healthcare
Building Products,Decorative Glass,Decorative Glass,Eastman Chemical
Building Products,Decorative Glass,Decorative Glass,Baxter International
Building Products,Decorative Glass,Decorative Glass,Unum Group
Building Products,Decorative Glass,Decorative Glass,Dick's Sporting Goods
Building Products,Decorative Glass,Decorative Glass,UGI
Building Products,Decorative Glass,Decorative Glass,Discovery
Building Products,Decorative Glass,Decorative Glass,Hershey
Building Products,Decorative Glass,Decorative Glass,Lockheed Martin
Building Products,Decorative Glass,Decorative Glass,Global Partners
Building Products,Decorative Glass,Decorative Glass,Marathon Oil
Building Products,Decorative Glass,Decorative Glass,Marriott International
Building Products,Decorative Glass,Decorative Glass,Land O'Lakes
Building Products,Decorative Glass,Decorative Glass,Exelon
Building Products,Decorative Glass,Decorative Glass,State Street Corp.
Building Products,Decorative Glass,Decorative Glass,Motorola Solutions
Building Products,Decorative Glass,Decorative Glass,Ecolab
Building Products,Door/Window Hardware,Door/Window Hardware,CDW
Building Products,Door/Window Hardware,Door/Window Hardware,Navient
Building Products,Door/Window Hardware,Door/Window Hardware,Goldman Sachs Group
Building Products,Door/Window Hardware,Door/Window Hardware,Gap
Building Products,Door/Window Hardware,Door/Window Hardware,Stryker
Building Products,Door/Window Hardware,Door/Window Hardware,Dick's Sporting Goods
Building Products,Door/Window Hardware,Door/Window Hardware,MasTec
Building Products,Door/Window Hardware,Door/Window Hardware,TIAA
Building Products,Door/Window Hardware,Door/Window Hardware,Northwestern Mutual
Building Products,Door/Window Hardware,Door/Window Hardware,CHS
Building Products,Door/Window Hardware,Door/Window Hardware,BJ's Wholesale Club
Building Products,Door/Window Hardware,Door/Window Hardware,Wells Fargo
Building Products,Door/Window Hardware,Door/Window Hardware,Coty
Building Products,Door/Window Hardware,Door/Window Hardware,Lithia Motors
Building Products,Door/Window Hardware,Door/Window Hardware,EnLink Midstream
Building Products,Door/Window Hardware,Door/Window Hardware,Las Vegas Sands
Building Products,Door/Window Hardware,Door/Window Hardware,CBRE Group
Building Products,Door/Window Hardware,Door/Window Hardware,Ameriprise Financial
Building Products,Door/Window Hardware,Door/Window Hardware,IBM
Building Products,Door/Window Hardware,Door/Window Hardware,Old Republic International
Building Products,Door/Window Hardware,Door/Window Hardware,C.H. Robinson Worldwide
Building Products,Door/Window Hardware,Door/Window Hardware,United Continental Holdings
Building Products,Door/Window Hardware,Door/Window Hardware,Ameriprise Financial
Building Products,Door/Window Hardware,Door/Window Hardware,Viacom
Building Products,Door/Window Hardware,Door/Window Hardware,Gilead Sciences
Building Products,Door/Window Hardware,Door/Window Hardware,HP
Building Products,Door/Window Hardware,Door/Window Hardware,SpartanNash
Building Products,Door/Window Hardware,Door/Window Hardware,Exxon Mobil
Building Products,Door/Window Hardware,Door/Window Hardware,ON Semiconductor
Building Products,Door/Window Hardware,Door/Window Hardware,TreeHouse Foods
Building Products,Door/Window Hardware,Door/Window Hardware,Campbell Soup
Building Products,Door/Window Hardware,Door/Window Hardware,CDW
Building Products,Door/Window Hardware,Door/Window Hardware,Kohl's
Building Products,Doors,Doors,Oracle
Building Products,Doors,Doors,Magellan Health
Building Products,Doors,Doors,A-Mark Precious Metals
Building Products,Doors,Doors,Alleghany
Building Products,Doors,Doors,Northrop Grumman
Building Products,Doors,Doors,Blackstone Group
Building Products,Doors,Doors,Honeywell International
Building Products,Doors,Doors,Coty
Building Products,Doors,Doors,Targa Resources
Building Products,Doors,Doors,Lowe's
Building Products,Doors,Doors,Aramark
Building Products,Doors,Doors,Alcoa
Building Products,Doors,Doors,Celgene
Building Products,Doors,Doors,PNC Financial Services
Building Products,Doors,Doors,Marriott International
Building Products,Doors,Doors,Constellation Brands
Building Products,Doors,Doors,WestRock
Building Products,Doors,Doors,Post Holdings
Building Products,Doors,Doors,Ingredion
Building Products,Doors,Doors,Huntington Ingalls Industries
Building Products,Doors,Doors,XPO Logistics
Building Products,Doors,Doors,Northrop Grumman
Building Products,Doors,Doors,Cintas
Building Products,Doors,Doors,Charles Schwab
Building Products,Doors,Doors,World Fuel Services
Building Products,Doors,Doors,Nucor
Building Products,Doors,Doors,Conagra Brands
Building Products,Doors,Doors,Republic Services
Building Products,Doors,Doors,Tech Data
Building Products,Doors,Doors,Ball
Building Products,Doors,Doors,Jacobs Engineering Group
Building Products,Doors,Doors,EOG Resources
Building Products,Doors,Doors,Anthem
Building Products,Doors,Doors,Robert Half International
Building Products,Doors,Doors,Fidelity National Financial
Building Products,Doors,Doors,Weyerhaeuser
Building Products,Doors,Doors,Goodyear Tire & Rubber
Building Products,Doors,Doors,Freddie Mac
Building Products,Landscaping Products,Landscaping Products,Lincoln National
Building Products,Landscaping Products,Landscaping Products,Devon Energy
Building Products,Landscaping Products,Landscaping Products,Twenty-First Century Fox
Building Products,Landscaping Products,Landscaping Products,DuPont de Nemours
Building Products,Landscaping Products,Landscaping Products,Foot Locker
Building Products,Landscaping Products,Landscaping Products,Navient
Building Products,Landscaping Products,Landscaping Products,Realogy Holdings
Building Products,Landscaping Products,Landscaping Products,Graybar Electric
Building Products,Landscaping Products,Landscaping Products,Nucor
Building Products,Landscaping Products,Landscaping Products,Fidelity National Financial
Building Products,Landscaping Products,Landscaping Products,U.S. Bancorp
Building Products,Landscaping Products,Landscaping Products,WESCO International
Building Products,Landscaping Products,Landscaping Products,Global Partners
Building Products,Landscaping Products,Landscaping Products,American Electric Power
Building Products,Landscaping Products,Landscaping Products,Coty
Building Products,Landscaping Products,Landscaping Products,Las Vegas Sands
Building Products,Landscaping Products,Landscaping Products,Adobe
Building Products,Landscaping Products,Landscaping Products,Anadarko Petroleum
Building Products,Landscaping Products,Landscaping Products,R.R. Donnelley & Sons
Building Products,Landscaping Products,Landscaping Products,MetLife
Building Products,Landscaping Products,Landscaping Products,Boston Scientific
Building Products,Landscaping Products,Landscaping Products,Tenet Healthcare
Building Products,Landscaping Products,Landscaping Products,Goldman Sachs Group
Building Products,Landscaping Products,Landscaping Products,Kellogg
Building Products,Millwork,Millwork,Fifth Third Bancorp
Building Products,Millwork,Millwork,Masco
Building Products,Millwork,Millwork,ManpowerGroup
Building Products,Millwork,Millwork,Auto-Owners Insurance
Building Products,Millwork,Millwork,MetLife
Building Products,Millwork,Millwork,Pioneer Natural Resources
Building Products,Millwork,Millwork,Lincoln National
Building Products,Millwork,Millwork,Sempra Energy
Building Products,Millwork,Millwork,Lennar
Building Products,Millwork,Millwork,Exelon
Building Products,Millwork,Millwork,Franklin Resources
Building Products,Millwork,Millwork,Target
Building Products,Millwork,Millwork,Hilton Worldwide Holdings
Building Products,Millwork,Millwork,Auto-Owners Insurance
Building Products,Millwork,Millwork,PayPal Holdings
Building Products,Millwork,Millwork,Murphy USA
Building Products,Millwork,Millwork,Navistar International
Building Products,Millwork,Millwork,Corning
Building Products,Millwork,Millwork,PulteGroup
Building Products,Millwork,Millwork,Harley-Davidson
Building Products,Millwork,Millwork,Cheniere Energy
Building Products,Millwork,Millwork,Kellogg
Building Products,Millwork,Millwork,Dollar General
Building Products,Millwork,Millwork,Erie Insurance Group
Building Products,Millwork,Millwork,Dell Technologies
Building Products,Millwork,Millwork,Merck
Building Products,Millwork,Millwork,Land O'Lakes
Building Products,Millwork,Millwork,Zoetis
Building Products,Millwork,Millwork,NextEra Energy
Building Products,Millwork,Millwork,Whirlpool
Building Products,Millwork,Millwork,Dean Foods
Building Products,Millwork,Millwork,O'Reilly Automotive
Building Products,Millwork,Millwork,Analog Devices
Building Products,Millwork,Millwork,Masco
Building Products,Millwork,Millwork,Home Depot
Building Products,Millwork,Millwork,Yum Brands
Building Products,Millwork,Millwork,ConocoPhillips
Building Products,Millwork,Millwork,Expedia Group
Building Products,Millwork,Millwork,Illinois Tool Works
Building Products,Molding/Rail,Molding/Rail,Charter Communications
Building Products,Molding/Rail,Molding/Rail,Southwest Airlines
Building Products,Molding/Rail,Molding/Rail,Dana
Building Products,Molding/Rail,Molding/Rail,ADP
Building Products,Molding/Rail,Molding/Rail,Oracle
Building Products,Molding/Rail,Molding/Rail,Alleghany
Building Products,Molding/Rail,Molding/Rail,DXC Technology
Building Products,Molding/Rail,Molding/Rail,Altria Group
Building Products,Molding/Rail,Molding/Rail,Estee Lauder
Building Products,Molding/Rail,Molding/Rail,Delta Air Lines
Building Products,Molding/Rail,Molding/Rail,TJX
Building Products,Molding/Rail,Molding/Rail,Brighthouse Financial
Building Products,Molding/Rail,Molding/Rail,American Axle & Manufacturing
Building Products,Molding/Rail,Molding/Rail,Walt Disney
Building Products,Molding/Rail,Molding/Rail,AES
Building Products,Molding/Rail,Molding/Rail,PPL
Building Products,Molding/Rail,Molding/Rail,FirstEnergy
Building Products,Molding/Rail,Molding/Rail,Fidelity National Financial
Building Products,Molding/Rail,Molding/Rail,Caesars Entertainment
Building Products,Molding/Rail,Molding/Rail,Regions Financial
Building Products,Molding/Rail,Molding/Rail,Lam Research
Building Products,Molding/Rail,Molding/Rail,Altria Group
Building Products,Molding/Rail,Molding/Rail,Parker-Hannifin
Building Products,Molding/Rail,Molding/Rail,Farmers Insurance Exchange
Building Products,Molding/Rail,Molding/Rail,Casey's General Stores
Building Products,Partitions & Room Dividers,Partitions & Room Dividers,Exelon
Building Products,Partitions & Room Dividers,Partitions & Room Dividers,Gilead Sciences
Building Products,Partitions & Room Dividers,Partitions & Room Dividers,Thor Industries
Building Products,Partitions & Room Dividers,Partitions & Room Dividers,Johnson & Johnson
Building Products,Partitions & Room Dividers,Partitions & Room Dividers,Murphy USA
Building Products,Partitions & Room Dividers,Partitions & Room Dividers,Fidelity National Financial
Building Products,Partitions & Room Dividers,Partitions & Room Dividers,Bank of New York Mellon
Building Products,Partitions & Room Dividers,Partitions & Room Dividers,Aflac
Building Products,Partitions & Room Dividers,Partitions & Room Dividers,Harley-Davidson
Building Products,Partitions & Room Dividers,Partitions & Room Dividers,TJX
Building Products,Partitions & Room Dividers,Partitions & Room Dividers,Albertsons
Building Products,Partitions & Room Dividers,Partitions & Room Dividers,Oneok
Building Products,Partitions & Room Dividers,Partitions & Room Dividers,Aramark
Building Products,Partitions & Room Dividers,Partitions & Room Dividers,Community Health Systems
Building Products,Partitions & Room Dividers,Partitions & Room Dividers,Intercontinental Exchange
Building Products,Partitions & Room Dividers,Partitions & Room Dividers,Facebook
Building Products,Partitions & Room Dividers,Partitions & Room Dividers,Marathon Petroleum
Building Products,Partitions & Room Dividers,Partitions & Room Dividers,Delek US Holdings
Building Products,Partitions & Room Dividers,Partitions & Room Dividers,CMS Energy
Building Products,Partitions & Room Dividers,Partitions & Room Dividers,Dollar General
Building Products,Partitions & Room Dividers,Partitions & Room Dividers,Apache
Building Products,Partitions & Room Dividers,Partitions & Room Dividers,Voya Financial
Building Products,Partitions & Room Dividers,Partitions & Room Dividers,NVR
Building Products,Partitions & Room Dividers,Partitions & Room Dividers,Cintas
Building Products,Partitions & Room Dividers,Partitions & Room Dividers,Edison International
Building Products,Partitions & Room Dividers,Partitions & Room Dividers,Ingredion
Building Products,Partitions & Room Dividers,Partitions & Room Dividers,Entergy
Building Products,Partitions & Room Dividers,Partitions & Room Dividers,Lincoln National
Building Products,Partitions & Room Dividers,Partitions & Room Dividers,FirstEnergy
Building Products,Partitions & Room Dividers,Partitions & Room Dividers,Comcast
Building Products,Partitions & Room Dividers,Partitions & Room Dividers,TJX
Building Products,Partitions & Room Dividers,Partitions & Room Dividers,Comcast
Building Products,Partitions & Room Dividers,Partitions & Room Dividers,NextEra Energy
Building Products,Partitions & Room Dividers,Partitions & Room Dividers,AutoZone
Building Products,Partitions & Room Dividers,Partitions & Room Dividers,Visa
Building Products,Partitions & Room Dividers,Partitions & Room Dividers,Marsh & McLennan
Building Products,Partitions & Room Dividers,Partitions & Room Dividers,Peter Kiewit Sons'
Building Products,Partitions & Room Dividers,Partitions & Room Dividers,eBay
Building Products,Partitions & Room Dividers,Partitions & Room Dividers,First Data
Building Products,Partitions & Room Dividers,Partitions & Room Dividers,Newmont Goldcorp
Building Products,Partitions & Room Dividers,Partitions & Room Dividers,Reliance Steel & Aluminum
Building Products,Partitions & Room Dividers,Partitions & Room Dividers,Oshkosh
Building Products,Partitions & Room Dividers,Partitions & Room Dividers,Lockheed Martin
Building Products,Partitions & Room Dividers,Partitions & Room Dividers,Lincoln National
Building Products,Partitions & Room Dividers,Partitions & Room Dividers,Cardinal Health
Building Products,Partitions & Room Dividers,Partitions & Room Dividers,Sherwin-Williams
Building Products,Partitions & Room Dividers,Partitions & Room Dividers,Ameriprise Financial
Building Products,Partitions & Room Dividers,Partitions & Room Dividers,Lockheed Martin
Building Products,Partitions & Room Dividers,Partitions & Room Dividers,NGL Energy Partners
Building Products,Partitions & Room Dividers,Partitions & Room Dividers,Land O'Lakes
Building Products,Partitions & Room Dividers,Partitions & Room Dividers,WESCO International
Building Products,Partitions & Room Dividers,Partitions & Room Dividers,Community Health Systems
Building Products,Partitions & Room Dividers,Partitions & Room Dividers,Cummins
Building Products,Partitions & Room Dividers,Partitions & Room Dividers,American Airlines Group
Building Products,Partitions & Room Dividers,Partitions & Room Dividers,American Financial Group
Building Products,Partitions & Room Dividers,Partitions & Room Dividers,Ameriprise Financial
Building Products,Partitions & Room Dividers,Partitions & Room Dividers,Texas Instruments
Building Products,Partitions & Room Dividers,Partitions & Room Dividers,TravelCenters of America
Building Products,Partitions & Room Dividers,Partitions & Room Dividers,Freddie Mac
Building Products,Partitions & Room Dividers,Partitions & Room Dividers,NCR
Building Products,Signage,Signage,Home Depot
Building Products,Signage,Signage,INTL FCStone
Building Products,Signage,Signage,Kraft Heinz
Building Products,Signage,Signage,Applied Materials
Building Products,Signage,Signage,J.C. Penney
Building Products,Signage,Signage,Fannie Mae
Building Products,Signage,Signage,Delta Air Lines
Building Products,Signage,Signage,AECOM
Building Products,Signage,Signage,DISH Network
Building Products,Signage,Signage,Harris
Building Products,Signage,Signage,Colgate-Palmolive
Building Products,Signage,Signage,Macy's
Building Products,Signage,Signage,Ally Financial
Building Products,Signage,Signage,General Dynamics
Building Products,Signage,Signage,AGCO
Building Products,Signage,Signage,U.S. Bancorp
Building Products,Signage,Signage,Molson Coors Brewing
Building Products,Signage,Signage,PREVIO
Building Products,Signage,Signage,Core-Mark Holding
Building Products,Signage,Signage,NextEra Energy
Building Products,Signage,Signage,Phillips 66
Building Products,Signage,Signage,Fidelity National Financial
Building Products,Signage,Signage,Kinder Morgan
Building Products,Signage,Signage,Target
Building Products,Signage,Signage,JetBlue Airways
Building Products,Signage,Signage,Paccar
Building Products,Signage,Signage,Graphic Packaging Holding
Building Products,Signage,Signage,Ally Financial
Building Products,Signage,Signage,Alliance Data Systems
Building Products,Signage,Signage,Micron Technology
Building Products,Signage,Signage,Ulta Beauty
Building Products,Stone,Stone,J.B. Hunt Transport Services
Building Products,Stone,Stone,Northrop Grumman
Building Products,Stone,Stone,Avis Budget Group
Building Products,Stone,Stone,Apple
Building Products,Stone,Stone,Southwest Airlines
Building Products,Stone,Stone,UGI
Building Products,Stone,Stone,Home Depot
Building Products,Stone,Stone,Realogy Holdings
Building Products,Stone,Stone,HCA Healthcare
Building Products,Stone,Stone,Dollar Tree
Building Products,Stone,Stone,Honeywell International
Building Products,Stone,Stone,Murphy USA
Building Products,Stone,Stone,Performance Food Group
Building Products,Stone,Stone,Delek US Holdings
Building Products,Stone,Stone,DuPont de Nemours
Building Products,Stone,Stone,Cardinal Health
Building Products,Stone,Stone,iHeartMedia
Building Products,Wire and Cable,Wire and Cable,Amazon.com
Building Products,Wire and Cable,Wire and Cable,Expeditors Intl. of Washington
Building Products,Wire and Cable,Wire and Cable,Univar
Building Products,Wood,Wood,Olin
Building Products,Wood,Wood,Farmers Insurance Exchange
Building Products,Wood,Wood,Universal Health Services
Building Products,Wood,Wood,Brighthouse Financial
Building Products,Wood,Wood,American Tower
Building Products,Wood,Wood,Toll Brothers
Building Products,Wood,Wood,Ulta Beauty
Electronics,Audio Visual,Audio Visual,Best Buy
Electronics,Audio Visual,Audio Visual,Oshkosh
Electronics,Audio Visual,Audio Visual,Air Products & Chemicals
Electronics,Audio Visual,Audio Visual,Halliburton
Electronics,Audio Visual,Audio Visual,Citizens Financial Group
Electronics,Audio Visual,Audio Visual,Alcoa
Electronics,Audio Visual,Audio Visual,Huntsman
Electronics,Audio Visual,Audio Visual,Berry Global Group
Electronics,Charging Stations,Charging Stations,Constellation Brands
Electronics,Charging Stations,Charging Stations,Toll Brothers
Electronics,Charging Stations,Charging Stations,IBM
Electronics,Charging Stations,Charging Stations,Humana
Electronics,Charging Stations,Charging Stations,Kroger
Electronics,Charging Stations,Charging Stations,Intercontinental Exchange
Electronics,Electronics,Electronics,Ralph Lauren
Electronics,Electronics,Electronics,Cummins
Electronics,Electronics,Electronics,Packaging Corp. of America
Electronics,Electronics,Electronics,United Continental Holdings
Electronics,Electronics,Electronics,CMS Energy
Electronics,Electronics,Electronics,NextEra Energy
Electronics,Electronics,Electronics,Ameren
Electronics,Electronics,Electronics,BorgWarner
Electronics,Electronics,Electronics,Booking Holdings
Electronics,Electronics,Electronics,Loews
Electronics,Electronics,Electronics,Discover Financial Services
Electronics,Electronics,Electronics,NVR
Electronics,Electronics,Electronics,Reliance Steel & Aluminum
Energy Management,Energy Management,Energy Management,Farmers Insurance Exchange
Energy Management,Energy Management,Energy Management,Union Pacific
Energy Management,Energy Management,Energy Management,New York Life Insurance
Energy Management,Energy Management,Energy Management,Interpublic Group
Energy Management,Energy Management,Energy Management,Viacom
Energy Management,Energy Management,Energy Management,Lowe's
Energy Management,Energy Management,Energy Management,PBF Energy
Energy Management,Energy Management,Energy Management,Spirit AeroSystems Holdings
Fabric/Textiles,Fabrics,Fabrics,Ameriprise Financial
Fabric/Textiles,Fabrics,Fabrics,Jones Financial (Edward Jones)
Fabric/Textiles,Fabrics,Fabrics,Microsoft
Fabric/Textiles,Fabrics,Fabrics,Dollar General
Fabric/Textiles,Fabrics,Fabrics,Leidos Holdings
Fabric/Textiles,Fabrics,Fabrics,Insight Enterprises
Fabric/Textiles,Flame Retardant,Flame Retardant,Nucor
Fabric/Textiles,Flame Retardant,Flame Retardant,Packaging Corp. of America
Fabric/Textiles,Flame Retardant,Flame Retardant,Packaging Corp. of America
Fabric/Textiles,Flame Retardant,Flame Retardant,Raytheon
Fabric/Textiles,Leather/Suede,Leather/Suede,Progressive
Fabric/Textiles,Leather/Suede,Leather/Suede,Nvidia
Fabric/Textiles,Leather/Suede,Leather/Suede,PG&E
Fabric/Textiles,Leather/Suede,Leather/Suede,Lincoln National
Fabric/Textiles,Leather/Suede,Leather/Suede,salesforce.com
Fabric/Textiles,Leather/Suede,Leather/Suede,Jones Financial (Edward Jones)
Fabric/Textiles,Leather/Suede,Leather/Suede,Freeport-McMoRan
Fabric/Textiles,Leather/Suede,Leather/Suede,JPMorgan Chase
Fabric/Textiles,Leather/Suede,Leather/Suede,BlackRock
Fabric/Textiles,Leather/Suede,Leather/Suede,Peabody Energy
Fabric/Textiles,Leather/Suede,Leather/Suede,Burlington Stores
Fabric/Textiles,Leather/Suede,Leather/Suede,DaVita
Fabric/Textiles,Leather/Suede,Leather/Suede,JetBlue Airways
Fabric/Textiles,Leather/Suede,Leather/Suede,Eastman Chemical
Fabric/Textiles,Leather/Suede,Leather/Suede,Anadarko Petroleum
Fabric/Textiles,Leather/Suede,Leather/Suede,Oneok
Fabric/Textiles,Silk,Silk,Southern
Fabric/Textiles,Silk,Silk,Erie Insurance Group
Fabric/Textiles,Silk,Silk,Pacific Life
Fabric/Textiles,Synthetic,Synthetic,BlackRock
Fabric/Textiles,Synthetic,Synthetic,AIG
Fabric/Textiles,Synthetic,Synthetic,CVS Health
Fabric/Textiles,Synthetic,Synthetic,Cheniere Energy
Fabric/Textiles,Upholstery,Upholstery,Oracle
Fabric/Textiles,Upholstery,Upholstery,AutoNation
Fabric/Textiles,Upholstery,Upholstery,salesforce.com
Fabric/Textiles,Upholstery,Upholstery,Emerson Electric
Fabric/Textiles,Upholstery,Upholstery,Rockwell Automation
Fabric/Textiles,Upholstery,Upholstery,Coty
Fabric/Textiles,Upholstery,Upholstery,Berry Global Group
Fabric/Textiles,Vinyl,Vinyl,United Parcel Service
Fabric/Textiles,Vinyl,Vinyl,Sanmina
Fabric/Textiles,Vinyl,Vinyl,Zimmer Biomet Holdings
Fabric/Textiles,Vinyl,Vinyl,Cardinal Health
Fabric/Textiles,Vinyl,Vinyl,Cognizant Technology Solutions
Fabric/Textiles,Vinyl,Vinyl,Fiserv
Fabric/Textiles,Vinyl,Vinyl,American Express
Fabric/Textiles,Vinyl,Vinyl,NVR
Fabric/Textiles,Vinyl,Vinyl,Fidelity National Information Services
Fabric/Textiles,Vinyl,Vinyl,Procter & Gamble
Fabric/Textiles,Vinyl,Vinyl,American Axle & Manufacturing
Fabric/Textiles,Vinyl,Vinyl,Keurig Dr Pepper
Fabric/Textiles,Vinyl,Vinyl,XPO Logistics
Fabric/Textiles,Woven/Printed,Woven/Printed,Devon Energy
Fabric/Textiles,Woven/Printed,Woven/Printed,Twenty-First Century Fox
Fabric/Textiles,Woven/Printed,Woven/Printed,Hertz Global Holdings
Fabric/Textiles,Woven/Printed,Woven/Printed,Northrop Grumman
Fabric/Textiles,Woven/Printed,Woven/Printed,Penske Automotive Group
Fabric/Textiles,Woven/Printed,Woven/Printed,Oneok
Fabric/Textiles,Woven/Printed,Woven/Printed,Nationwide
Fabric/Textiles,Woven/Printed,Woven/Printed,Auto-Owners Insurance
Fabric/Textiles,Woven/Printed,Woven/Printed,General Dynamics
Fabric/Textiles,Woven/Printed,Woven/Printed,Nucor
Fabric/Textiles,Woven/Printed,Woven/Printed,Quest Diagnostics
Fabric/Textiles,Woven/Printed,Woven/Printed,Halliburton
Fabric/Textiles,Woven/Printed,Woven/Printed,NVR
Fabric/Textiles,Woven/Printed,Woven/Printed,Starbucks
Fabric/Textiles,Woven/Printed,Woven/Printed,National Oilwell Varco
Flooring,Area Rugs,Area Rugs,Honeywell International
Flooring,Area Rugs,Area Rugs,Hess
Flooring,Area Rugs,Area Rugs,Assurant
Flooring,Area Rugs,Area Rugs,Univar
Flooring,Area Rugs,Area Rugs,J.C. Penney
Flooring,Carpet Padding/Cove Base/Binding,Carpet Padding/Cove Base/Binding,Paccar
Flooring,Carpet Padding/Cove Base/Binding,Carpet Padding/Cove Base/Binding,Dell Technologies
Flooring,Carpet Padding/Cove Base/Binding,Carpet Padding/Cove Base/Binding,Tenet Healthcare
Flooring,Carpet Padding/Cove Base/Binding,Carpet Padding/Cove Base/Binding,Hartford Financial Services
Flooring,Carpet Padding/Cove Base/Binding,Carpet Padding/Cove Base/Binding,Laboratory Corp. of America
Flooring,Carpet Padding/Cove Base/Binding,Carpet Padding/Cove Base/Binding,Office Depot
Flooring,Carpet Padding/Cove Base/Binding,Carpet Padding/Cove Base/Binding,NVR
Flooring,Carpet Padding/Cove Base/Binding,Carpet Padding/Cove Base/Binding,Kellogg
Flooring,Carpet Padding/Cove Base/Binding,Carpet Padding/Cove Base/Binding,Amgen
Flooring,Carpet Padding/Cove Base/Binding,Carpet Padding/Cove Base/Binding,Oneok
Flooring,Carpet Padding/Cove Base/Binding,Carpet Padding/Cove Base/Binding,Waste Management
Flooring,Carpet Padding/Cove Base/Binding,Carpet Padding/Cove Base/Binding,Levi Strauss
Flooring,Carpet/Rugs,Carpet/Rugs,CDW
Flooring,Carpet/Rugs,Carpet/Rugs,Alcoa
Flooring,Carpet/Rugs,Carpet/Rugs,Air Products & Chemicals
Flooring,Carpet/Rugs,Carpet/Rugs,Ameriprise Financial
Flooring,Carpet/Rugs,Carpet/Rugs,Colgate-Palmolive
Flooring,Carpet/Rugs,Carpet/Rugs,Regeneron Pharmaceuticals
Flooring,Carpet/Rugs,Carpet/Rugs,Aflac
Flooring,Carpet/Rugs,Carpet/Rugs,WESCO International
Flooring,Carpet/Rugs,Carpet/Rugs,Baxter International
Flooring,Carpet/Rugs,Carpet/Rugs,Harris
Flooring,Carpet/Rugs,Carpet/Rugs,Advanced Micro Devices
Flooring,Carpet/Rugs,Carpet/Rugs,Beacon Roofing Supply
Flooring,Carpet/Rugs,Carpet/Rugs,Unum Group
Flooring,Carpet/Rugs,Carpet/Rugs,Brighthouse Financial
Flooring,Carpet/Rugs,Carpet/Rugs,L Brands
Flooring,Laminates/Vinyl,Laminates/Vinyl,Kinder Morgan
Flooring,Laminates/Vinyl,Laminates/Vinyl,Live Nation Entertainment
Flooring,Laminates/Vinyl,Laminates/Vinyl,Avery Dennison
Flooring,Laminates/Vinyl,Laminates/Vinyl,Marathon Petroleum
Flooring,Marble/Stone/Tile,Marble/Stone/Tile,Bed Bath & Beyond
Flooring,Marble/Stone/Tile,Marble/Stone/Tile,Cigna
Flooring,Marble/Stone/Tile,Marble/Stone/Tile,AT&T
Flooring,Marble/Stone/Tile,Marble/Stone/Tile,USAA
Flooring,Marble/Stone/Tile,Marble/Stone/Tile,Bristol-Myers Squibb
Flooring,Marble/Stone/Tile,Marble/Stone/Tile,Qurate Retail
Flooring,Marble/Stone/Tile,Marble/Stone/Tile,NextEra Energy
Flooring,Marble/Stone/Tile,Marble/Stone/Tile,First American Financial
Flooring,Marble/Stone/Tile,Marble/Stone/Tile,Magellan Health
Flooring,Marble/Stone/Tile,Marble/Stone/Tile,Air Products & Chemicals
Flooring,Marble/Stone/Tile,Marble/Stone/Tile,Visa
Flooring,Marble/Stone/Tile,Marble/Stone/Tile,BorgWarner
Flooring,Marble/Stone/Tile,Marble/Stone/Tile,Hewlett Packard Enterprise
Flooring,Marble/Stone/Tile,Marble/Stone/Tile,Simon Property Group
Flooring,Marble/Stone/Tile,Marble/Stone/Tile,Aramark
Flooring,Wood,Wood,Avis Budget Group
Flooring,Wood,Wood,Comcast
Flooring,Wood,Wood,General Dynamics
Flooring,Wood,Wood,Air Products & Chemicals
Flooring,Wood,Wood,Principal Financial
Furniture,"Armoires, Bureaus & Cabinets","Armoires, Bureaus & Cabinets",Live Nation Entertainment
Furniture,"Armoires, Bureaus & Cabinets","Armoires, Bureaus & Cabinets",Yum Brands
Furniture,"Armoires, Bureaus & Cabinets","Armoires, Bureaus & Cabinets",PG&E
Furniture,"Armoires, Bureaus & Cabinets","Armoires, Bureaus & Cabinets",Berry Global Group
Furniture,"Armoires, Bureaus & Cabinets","Armoires, Bureaus & Cabinets",Northwestern Mutual
Furniture,"Armoires, Bureaus & Cabinets","Armoires, Bureaus & Cabinets",AECOM
Furniture,"Armoires, Bureaus & Cabinets","Armoires, Bureaus & Cabinets",Norfolk Southern
Furniture,"Armoires, Bureaus & Cabinets","Armoires, Bureaus & Cabinets",Anadarko Petroleum
Furniture,"Armoires, Bureaus & Cabinets","Armoires, Bureaus & Cabinets",Raymond James Financial
Furniture,"Armoires, Bureaus & Cabinets","Armoires, Bureaus & Cabinets",Archer Daniels Midland
Furniture,"Armoires, Bureaus & Cabinets","Armoires, Bureaus & Cabinets",Crown Holdings
Furniture,"Armoires, Bureaus & Cabinets","Armoires, Bureaus & Cabinets",Delta Air Lines
Furniture,"Armoires, Bureaus & Cabinets","Armoires, Bureaus & Cabinets",Steel Dynamics
Furniture,"Armoires, Bureaus & Cabinets","Armoires, Bureaus & Cabinets",MetLife
Furniture,"Armoires, Bureaus & Cabinets","Armoires, Bureaus & Cabinets",United States Steel
Furniture,"Armoires, Bureaus & Cabinets","Armoires, Bureaus & Cabinets",Texas Instruments
Furniture,"Armoires, Bureaus & Cabinets","Armoires, Bureaus & Cabinets",HD Supply Holdings
Furniture,Bookcases,Bookcases,Amgen
Furniture,Bookcases,Bookcases,Colgate-Palmolive
Furniture,Bookcases,Bookcases,Macy's
Furniture,Bookcases,Bookcases,PayPal Holdings
Furniture,Bookcases,Bookcases,Caterpillar
Furniture,Cabinet Hardware/Pulls,Cabinet Hardware/Pulls,AIG
Furniture,Cabinet Hardware/Pulls,Cabinet Hardware/Pulls,Southern
Furniture,Cabinet Hardware/Pulls,Cabinet Hardware/Pulls,First Data
Furniture,Cabinet Hardware/Pulls,Cabinet Hardware/Pulls,Foot Locker
Furniture,Cabinet Hardware/Pulls,Cabinet Hardware/Pulls,Hershey
Furniture,Cabinet Hardware/Pulls,Cabinet Hardware/Pulls,Centene
Furniture,Cabinet Hardware/Pulls,Cabinet Hardware/Pulls,TJX
Furniture,Cabinet Hardware/Pulls,Cabinet Hardware/Pulls,J.M. Smucker
Furniture,Cabinet Hardware/Pulls,Cabinet Hardware/Pulls,Whirlpool
Furniture,Cabinet Hardware/Pulls,Cabinet Hardware/Pulls,Huntington Ingalls Industries
Furniture,Cabinet Hardware/Pulls,Cabinet Hardware/Pulls,Abbott Laboratories
Furniture,Cabinet Hardware/Pulls,Cabinet Hardware/Pulls,Regions Financial
Furniture,Cabinet Hardware/Pulls,Cabinet Hardware/Pulls,Genworth Financial
Furniture,Cabinet Hardware/Pulls,Cabinet Hardware/Pulls,Cognizant Technology Solutions
Furniture,Cabinet Hardware/Pulls,Cabinet Hardware/Pulls,Newell Brands
Furniture,Cabinet Hardware/Pulls,Cabinet Hardware/Pulls,Oshkosh
Furniture,Cabinet Hardware/Pulls,Cabinet Hardware/Pulls,Murphy USA
Furniture,Cabinet Hardware/Pulls,Cabinet Hardware/Pulls,Sanmina
Furniture,Cabinet Hardware/Pulls,Cabinet Hardware/Pulls,Macy's
Furniture,Carts,Carts,O'Reilly Automotive
Furniture,Carts,Carts,Booz Allen Hamilton
Furniture,Carts,Carts,Dick's Sporting Goods
Furniture,Carts,Carts,Broadcom
Furniture,Carts,Carts,Verizon Communications
Furniture,Carts,Carts,Thor Industries
Furniture,Carts,Carts,CVS Health
Furniture,Carts,Carts,UGI
Furniture,Casegoods,Casegoods,Polaris Industries
Furniture,Casegoods,Casegoods,American Axle & Manufacturing
Furniture,Casegoods,Casegoods,Rockwell Collins
Furniture,Casual,Casual,Air Products & Chemicals
Furniture,Casual,Casual,WEC Energy Group
Furniture,Casual,Casual,Brighthouse Financial
Furniture,Casual,Casual,Marathon Oil
Furniture,Casual,Casual,Ryder System
Furniture,Casual,Casual,Jacobs Engineering Group
Furniture,Casual,Casual,Casey's General Stores
Furniture,Children's,Children's,SunTrust Banks
Furniture,Children's,Children's,Leidos Holdings
Furniture,Children's,Children's,Ross Stores
Furniture,Children's,Children's,Ball
Furniture,Children's,Children's,Performance Food Group
Furniture,Children's,Children's,Hormel Foods
Furniture,Children's,Children's,Anadarko Petroleum
Furniture,Desks,Desks,Beacon Roofing Supply
Furniture,Desks,Desks,A-Mark Precious Metals
Furniture,Desks,Desks,Eversource Energy
Furniture,Desks,Desks,Northwestern Mutual
Furniture,Desks,Desks,WEC Energy Group
Furniture,Desks,Desks,Ameriprise Financial
Furniture,Desks,Desks,Alliance Data Systems
Furniture,Desks,Desks,Becton Dickinson
Furniture,Desks,Desks,Valero Energy
Furniture,Desks,Desks,Netflix
Furniture,Desks,Desks,CBRE Group
Furniture,Occasional,Occasional,Stryker
Furniture,Occasional,Occasional,PG&E
Furniture,Occasional,Occasional,Whirlpool
Furniture,Occasional,Occasional,Dollar Tree
Furniture,Occasional,Occasional,CenterPoint Energy
Furniture,Occasional,Occasional,Publix Super Markets
Furniture,Occasional,Occasional,INTL FCStone
Furniture,Occasional,Occasional,Old Republic International
Furniture,Occasional,Occasional,Walt Disney
Furniture,Occasional,Occasional,Mohawk Industries
Furniture,Occasional,Occasional,Abbott Laboratories
Furniture,Occasional,Occasional,Unum Group
Furniture,Occasional,Occasional,Air Products & Chemicals
Furniture,Occasional,Occasional,Assurant
Furniture,Occasional,Occasional,Hartford Financial Services
Furniture,Outdoor Furniture,Outdoor Furniture,Hewlett Packard Enterprise
Furniture,Outdoor Furniture,Outdoor Furniture,Analog Devices
Furniture,Outdoor Furniture,Outdoor Furniture,AbbVie
Furniture,Outdoor Furniture,Outdoor Furniture,PulteGroup
Furniture,Outdoor Furniture,Outdoor Furniture,CMS Energy
Furniture,Outdoor Furniture,Outdoor Furniture,Stanley Black & Decker
Furniture,Outdoor Furniture,Outdoor Furniture,M&T Bank Corp.
Furniture,Outdoor Furniture,Outdoor Furniture,General Electric
Furniture,Outdoor Furniture,Outdoor Furniture,NextEra Energy
Furniture,Outdoor Furniture,Outdoor Furniture,PulteGroup
Furniture,Outdoor Furniture,Outdoor Furniture,Plains GP Holdings
Furniture,Outdoor Furniture,Outdoor Furniture,National Oilwell Varco
Furniture,Outdoor Furniture,Outdoor Furniture,Cisco Systems
Furniture,Outdoor Furniture,Outdoor Furniture,EOG Resources
Furniture,Outdoor Furniture,Outdoor Furniture,Danaher
Furniture,Outdoor Furniture,Outdoor Furniture,National Oilwell Varco
Furniture,Outdoor Furniture,Outdoor Furniture,PBF Energy
Furniture,Outdoor Furniture,Outdoor Furniture,Gilead Sciences
Furniture,Outdoor Furniture,Outdoor Furniture,Tenneco
Furniture,Outdoor Furniture,Outdoor Furniture,Kimberly-Clark
Green/Sustainable Products,Green/Sustainable Products,Green/Sustainable Products,Genworth Financial
Green/Sustainable Products,Green/Sustainable Products,Green/Sustainable Products,Realogy Holdings
Green/Sustainable Products,Green/Sustainable Products,Green/Sustainable Products,Frontier Communications
Green/Sustainable Products,Green/Sustainable Products,Green/Sustainable Products,Keurig Dr Pepper
Green/Sustainable Products,Green/Sustainable Products,Green/Sustainable Products,Penske Automotive Group
Hearth,Electric,Electric,Icahn Enterprises
Hearth,Electric,Electric,Synnex
Hearth,Electric,Electric,Autoliv
Hearth,Fire Tables/Features,Fire Tables/Features,Navient
Hearth,Fire Tables/Features,Fire Tables/Features,NetApp
Hearth,Fire Tables/Features,Fire Tables/Features,Penske Automotive Group
Hearth,Fire Tables/Features,Fire Tables/Features,Westlake Chemical
Hearth,Gas,Gas,Ulta Beauty
Hearth,Outdoor,Outdoor,Progressive
Hearth,Outdoor,Outdoor,Tyson Foods
Hearth,Outdoor,Outdoor,Air Products & Chemicals
Hearth,Outdoor,Outdoor,Reliance Steel & Aluminum
Hearth,Outdoor,Outdoor,W.W. Grainger
Hearth,Outdoor,Outdoor,Eli Lilly
Hearth,Outdoor,Outdoor,Loews
Hearth,Outdoor,Outdoor,Peabody Energy
Lighting,Architectural Lighting,Architectural Lighting,CarMax
Lighting,Architectural Lighting,Architectural Lighting,Paccar
Lighting,Architectural Lighting,Architectural Lighting,General Mills
Lighting,Architectural Lighting,Architectural Lighting,Illinois Tool Works
Lighting,Architectural Lighting,Architectural Lighting,Intel
Lighting,Architectural Lighting,Architectural Lighting,Illinois Tool Works
Lighting,Architectural Lighting,Architectural Lighting,Kellogg
Lighting,Architectural Lighting,Architectural Lighting,Williams
Lighting,Architectural Lighting,Architectural Lighting,Deere
Lighting,Architectural Lighting,Architectural Lighting,Ball
Lighting,Architectural Lighting,Architectural Lighting,ConocoPhillips
Lighting,Architectural Lighting,Architectural Lighting,Levi Strauss
Lighting,Architectural Lighting,Architectural Lighting,Exxon Mobil
Lighting,Architectural Lighting,Architectural Lighting,Baxter International
Lighting,Architectural Lighting,Architectural Lighting,Quest Diagnostics
Lighting,Ceiling Fans,Ceiling Fans,Dover
Lighting,Ceiling Fans,Ceiling Fans,USAA
Lighting,Ceiling Fans,Ceiling Fans,HD Supply Holdings
Lighting,Ceiling Fans,Ceiling Fans,BorgWarner
Lighting,Ceiling Fans,Ceiling Fans,State Farm Insurance
Lighting,Ceiling Fans,Ceiling Fans,Burlington Stores
Lighting,Ceiling Fans,Ceiling Fans,Alcoa
Lighting,Chandeliers,Chandeliers,Olin
Lighting,Chandeliers,Chandeliers,Deere
Lighting,Chandeliers,Chandeliers,Freeport-McMoRan
Lighting,Designer Lighting,Designer Lighting,Quest Diagnostics
Lighting,Designer Lighting,Designer Lighting,Pacific Life
Lighting,Designer Lighting,Designer Lighting,Crown Holdings
Lighting,Designer Lighting,Designer Lighting,HD Supply Holdings
Lighting,Designer Lighting,Designer Lighting,Twenty-First Century Fox
Lighting,Fluorescent,Fluorescent,Lam Research
Lighting,Fluorescent,Fluorescent,Ross Stores
Lighting,Fluorescent,Fluorescent,Williams
Lighting,Fluorescent,Fluorescent,U.S. Bancorp
Lighting,Fluorescent,Fluorescent,New York Life Insurance
Lighting,Lamps,Lamps,Global Partners
Lighting,Lamps,Lamps,Harris
Lighting,Lamps,Lamps,Lithia Motors
Lighting,Lamps,Lamps,Facebook
Lighting,Lamps,Lamps,Dollar General
Lighting,Lamps,Lamps,AES
Lighting,Lampshades,Lampshades,Union Pacific
Lighting,Lampshades,Lampshades,Leidos Holdings
Lighting,Lampshades,Lampshades,Cardinal Health
Lighting,Lampshades,Lampshades,Marathon Petroleum
Lighting,Lampshades,Lampshades,Unum Group
Lighting,Lampshades,Lampshades,Micron Technology
Lighting,Lampshades,Lampshades,Marriott International
Lighting,Lampshades,Lampshades,AECOM
Lighting,Lampshades,Lampshades,Broadcom
Lighting,Lampshades,Lampshades,Windstream Holdings
Lighting,Lampshades,Lampshades,Zoetis
Lighting,Lampshades,Lampshades,Supervalu
Lighting,Lampshades,Lampshades,Paccar
Lighting,LED Lighting,LED Lighting,Molson Coors Brewing
Lighting,LED Lighting,LED Lighting,Marathon Petroleum
Lighting,LED Lighting,LED Lighting,AES
Lighting,LED Lighting,LED Lighting,Land O'Lakes
Lighting,LED Lighting,LED Lighting,AK Steel Holding
Lighting,LED Lighting,LED Lighting,Kroger
Lighting,LED Lighting,LED Lighting,Analog Devices
Lighting,LED Lighting,LED Lighting,Cigna
Lighting,Light Bulbs,Light Bulbs,Group 1 Automotive
Lighting,Light Bulbs,Light Bulbs,Westlake Chemical
Lighting,Light Bulbs,Light Bulbs,ADP
Lighting,Lighting Control Systems,Lighting Control Systems,UnitedHealth Group
Lighting,Lighting Control Systems,Lighting Control Systems,Unum Group
Lighting,Lighting Control Systems,Lighting Control Systems,Prudential Financial
Lighting,Lighting Control Systems,Lighting Control Systems,Supervalu
Lighting,Lighting Control Systems,Lighting Control Systems,Delek US Holdings
Lighting,Lighting Control Systems,Lighting Control Systems,Guardian Life Ins. Co. of America
Lighting,Lighting Control Systems,Lighting Control Systems,Coty
Lighting,Lighting Control Systems,Lighting Control Systems,Tyson Foods
Lighting,Lighting Control Systems,Lighting Control Systems,Berry Global Group
Lighting,Lighting Control Systems,Lighting Control Systems,Mosaic
Lighting,Lighting Control Systems,Lighting Control Systems,EnLink Midstream
Lighting,Outdoor Lighting,Outdoor Lighting,Energy Transfer
Lighting,Outdoor Lighting,Outdoor Lighting,CMS Energy
Lighting,Outdoor Lighting,Outdoor Lighting,Kohl's
Lighting,Outdoor Lighting,Outdoor Lighting,Philip Morris International
Lighting,Outdoor Lighting,Outdoor Lighting,Arthur J. Gallagher
Lighting,Pendants,Pendants,Spirit AeroSystems Holdings
Lighting,Pendants,Pendants,Farmers Insurance Exchange
Lighting,Pendants,Pendants,EMCOR Group
Lighting,Sconces,Sconces,HCA Healthcare
Lighting,Sconces,Sconces,Eastman Chemical
Lighting,Sconces,Sconces,Baxter International
Lighting,Sconces,Sconces,Unum Group
Lighting,Sconces,Sconces,Dick's Sporting Goods
Lighting,Sconces,Sconces,UGI
Lighting,Sconces,Sconces,Discovery
Lighting,Sconces,Sconces,Hershey
Lighting,Sconces,Sconces,Lockheed Martin
Lighting,Sconces,Sconces,Global Partners
Lighting,Sconces,Sconces,Marathon Oil
Lighting,Sconces,Sconces,Marriott International
Lighting,Sconces,Sconces,Land O'Lakes
Lighting,Sconces,Sconces,Exelon
Lighting,Sconces,Sconces,State Street Corp.
Lighting,Sconces,Sconces,Motorola Solutions
Lighting,Sconces,Sconces,Ecolab
Lighting,Track/Recess Lighting,Track/Recess Lighting,CDW
Lighting,Track/Recess Lighting,Track/Recess Lighting,Navient
Lighting,Track/Recess Lighting,Track/Recess Lighting,Goldman Sachs Group
Lighting,Track/Recess Lighting,Track/Recess Lighting,Gap
Lighting,Track/Recess Lighting,Track/Recess Lighting,Stryker
Lighting,Track/Recess Lighting,Track/Recess Lighting,Dick's Sporting Goods
Lighting,Track/Recess Lighting,Track/Recess Lighting,MasTec
Lighting,Track/Recess Lighting,Track/Recess Lighting,TIAA
Lighting,Track/Recess Lighting,Track/Recess Lighting,Northwestern Mutual
Lighting,Track/Recess Lighting,Track/Recess Lighting,CHS
Lighting,Track/Recess Lighting,Track/Recess Lighting,BJ's Wholesale Club
Lighting,Track/Recess Lighting,Track/Recess Lighting,Wells Fargo
Lighting,Track/Recess Lighting,Track/Recess Lighting,Coty
Lighting,Track/Recess Lighting,Track/Recess Lighting,Lithia Motors
Lighting,Track/Recess Lighting,Track/Recess Lighting,EnLink Midstream
Lighting,Track/Recess Lighting,Track/Recess Lighting,Las Vegas Sands
Lighting,Track/Recess Lighting,Track/Recess Lighting,CBRE Group
Lighting,Track/Recess Lighting,Track/Recess Lighting,Ameriprise Financial
Lighting,Track/Recess Lighting,Track/Recess Lighting,IBM
Lighting,Track/Recess Lighting,Track/Recess Lighting,Old Republic International
Lighting,Track/Recess Lighting,Track/Recess Lighting,C.H. Robinson Worldwide
Lighting,Track/Recess Lighting,Track/Recess Lighting,United Continental Holdings
Seating,Banquettes/Benches,Banquettes/Benches,Ameriprise Financial
Seating,Banquettes/Benches,Banquettes/Benches,Viacom
Seating,Banquettes/Benches,Banquettes/Benches,Gilead Sciences
Seating,Banquettes/Benches,Banquettes/Benches,HP
Seating,Banquettes/Benches,Banquettes/Benches,SpartanNash
Seating,Barstools,Barstools,Exxon Mobil
Seating,Barstools,Barstools,ON Semiconductor
Seating,Barstools,Barstools,TreeHouse Foods
Seating,Barstools,Barstools,Campbell Soup
Seating,Barstools,Barstools,CDW
Seating,Barstools,Barstools,Kohl's
Seating,Barstools,Barstools,Oracle
Seating,Barstools,Barstools,Magellan Health
Seating,Chairs,Chairs,A-Mark Precious Metals
Seating,Chairs,Chairs,Alleghany
Seating,Chairs,Chairs,Northrop Grumman
Seating,Chairs,Chairs,Blackstone Group
Seating,Chairs,Chairs,Honeywell International
Seating,Chairs,Chairs,Coty
Seating,Chairs,Chairs,Targa Resources
Seating,Conference,Conference,Lowe's
Seating,Conference,Conference,Aramark
Seating,Conference,Conference,Alcoa
Seating,Conference,Conference,Celgene
Seating,Conference,Conference,PNC Financial Services
Seating,Conference,Conference,Marriott International
Seating,Conference,Conference,Constellation Brands
Seating,Conference,Conference,WestRock
Seating,Cushions,Cushions,Post Holdings
Seating,Cushions,Cushions,Ingredion
Seating,Cushions,Cushions,Huntington Ingalls Industries
Seating,Cushions,Cushions,XPO Logistics
Seating,Cushions,Cushions,Northrop Grumman
Seating,Cushions,Cushions,Cintas
Seating,Cushions,Cushions,Charles Schwab
Seating,Cushions,Cushions,World Fuel Services
Seating,Cushions,Cushions,Nucor
Seating,Cushions,Cushions,Conagra Brands
Seating,Cushions,Cushions,Republic Services
Seating,Dining,Dining,Tech Data
Seating,Dining,Dining,Ball
Seating,Dining,Dining,Jacobs Engineering Group
Seating,Dining,Dining,EOG Resources
Seating,Dining,Dining,Anthem
Seating,Dining,Dining,Robert Half International
Seating,Dining,Dining,Fidelity National Financial
Seating,Dining,Dining,Weyerhaeuser
Seating,Dining,Dining,Goodyear Tire & Rubber
Seating,Dining,Dining,Freddie Mac
Seating,Dining,Dining,Lincoln National
Seating,Dining,Dining,Devon Energy
Seating,Dining,Dining,Twenty-First Century Fox
Seating,Outdoor/Casual,Outdoor/Casual,DuPont de Nemours
Seating,Outdoor/Casual,Outdoor/Casual,Foot Locker
Seating,Outdoor/Casual,Outdoor/Casual,Navient
Seating,Outdoor/Casual,Outdoor/Casual,Realogy Holdings
Seating,Outdoor/Casual,Outdoor/Casual,Graybar Electric
Seating,Outdoor/Casual,Outdoor/Casual,Nucor
Seating,Outdoor/Casual,Outdoor/Casual,Fidelity National Financial
Seating,Rattan/Wicker/Natural Fiber,Rattan/Wicker/Natural Fiber,U.S. Bancorp
Seating,Rattan/Wicker/Natural Fiber,Rattan/Wicker/Natural Fiber,WESCO International
Seating,Rattan/Wicker/Natural Fiber,Rattan/Wicker/Natural Fiber,Global Partners
Seating,Sofas/Couches,Sofas/Couches,American Electric Power
Seating,Sofas/Couches,Sofas/Couches,Coty
Seating,Sofas/Couches,Sofas/Couches,Las Vegas Sands
Seating,Sofas/Couches,Sofas/Couches,Adobe
Seating,Sofas/Couches,Sofas/Couches,Anadarko Petroleum
Seating,Sofas/Couches,Sofas/Couches,R.R. Donnelley & Sons
Seating,Sofas/Couches,Sofas/Couches,MetLife
Seating,Sofas/Couches,Sofas/Couches,Boston Scientific
Seating,Sofas/Couches,Sofas/Couches,Tenet Healthcare
Seating,Stacking,Stacking,Goldman Sachs Group
Seating,Stacking,Stacking,Kellogg
Seating,Stacking,Stacking,Fifth Third Bancorp
Seating,Stacking,Stacking,Masco
Seating,Table Seating/Metal/Wood,Table Seating/Metal/Wood,ManpowerGroup
Seating,Table Seating/Metal/Wood,Table Seating/Metal/Wood,Auto-Owners Insurance
Seating,Table Seating/Metal/Wood,Table Seating/Metal/Wood,MetLife
Seating,Table Seating/Metal/Wood,Table Seating/Metal/Wood,Pioneer Natural Resources
Seating,Table Seating/Metal/Wood,Table Seating/Metal/Wood,Lincoln National
Seating,Table Seating/Metal/Wood,Table Seating/Metal/Wood,Sempra Energy
Seating,Table Seating/Metal/Wood,Table Seating/Metal/Wood,Lennar
Seating,Upholstered,Upholstered,Exelon
Seating,Upholstered,Upholstered,Franklin Resources
Seating,Upholstered,Upholstered,Target
Seating,Upholstered,Upholstered,Hilton Worldwide Holdings
Seating,Upholstered,Upholstered,Auto-Owners Insurance
Seating,Upholstered,Upholstered,PayPal Holdings
Seating,Upholstered,Upholstered,Murphy USA
Seating,Upholstered,Upholstered,Navistar International
Seating,Upholstered,Upholstered,Corning
Seating,Upholstered,Upholstered,PulteGroup
Services,FF&E Procurement,FF&E Procurement,Harley-Davidson
Services,FF&E Procurement,FF&E Procurement,Cheniere Energy
Services,FF&E Procurement,FF&E Procurement,Kellogg
Services,General Services,General Services,Dollar General
Services,General Services,General Services,Erie Insurance Group
Services,General Services,General Services,Dell Technologies
Services,General Services,General Services,Merck
Services,General Services,General Services,Land O'Lakes
Services,General Services,General Services,Zoetis
Services,General Services,General Services,NextEra Energy
Services,General Services,General Services,Whirlpool
Services,General Services,General Services,Dean Foods
Services,Install/Transport,Install/Transport,O'Reilly Automotive
Services,Install/Transport,Install/Transport,Analog Devices
Services,Install/Transport,Install/Transport,Masco
Services,Interior Design,Interior Design,Home Depot
Services,Interior Design,Interior Design,Yum Brands
Services,Interior Design,Interior Design,ConocoPhillips
Services,Interior Design,Interior Design,Expedia Group
Services,Maintenance,Maintenance,Illinois Tool Works
Services,Maintenance,Maintenance,Charter Communications
Services,Maintenance,Maintenance,Southwest Airlines
Services,Maintenance,Maintenance,Dana
Services,Maintenance,Maintenance,ADP
Services,Maintenance,Maintenance,Oracle
Services,Themed Environments,Themed Environments,Alleghany
Services,Themed Environments,Themed Environments,DXC Technology
Services,Themed Environments,Themed Environments,Altria Group
Services,Themed Environments,Themed Environments,Estee Lauder
Software,Software,Software,Delta Air Lines
Software,Software,Software,TJX
Software,Software,Software,Brighthouse Financial
Software,Software,Software,American Axle & Manufacturing
Software,Software,Software,Walt Disney
Software,Software,Software,AES
Software,Software,Software,PPL
Software,Software,Software,FirstEnergy
Surfaces,Laminates,Laminates,Fidelity National Financial
Surfaces,Laminates,Laminates,Caesars Entertainment
Surfaces,Laminates,Laminates,Regions Financial
Surfaces,Laminates,Laminates,Lam Research
Surfaces,Laminates,Laminates,Altria Group
Surfaces,Laminates,Laminates,Parker-Hannifin
Surfaces,Laminates,Laminates,Farmers Insurance Exchange
Surfaces,Laminates,Laminates,Casey's General Stores
Surfaces,Laminates,Laminates,Exelon
Surfaces,Laminates,Laminates,Gilead Sciences
Surfaces,Laminates,Laminates,Thor Industries
Surfaces,Laminates,Laminates,Johnson & Johnson
Surfaces,Laminates,Laminates,Murphy USA
Surfaces,Laminates,Laminates,Fidelity National Financial
Surfaces,Laminates,Laminates,Bank of New York Mellon
Surfaces,Laminates,Laminates,Aflac
Surfaces,Maintenance Products/Sealers,Maintenance Products/Sealers,Harley-Davidson
Surfaces,Maintenance Products/Sealers,Maintenance Products/Sealers,TJX
Surfaces,Maintenance Products/Sealers,Maintenance Products/Sealers,Albertsons
Surfaces,Maintenance Products/Sealers,Maintenance Products/Sealers,Oneok
Surfaces,Maintenance Products/Sealers,Maintenance Products/Sealers,Aramark
Surfaces,Maintenance Products/Sealers,Maintenance Products/Sealers,Community Health Systems
Surfaces,Maintenance Products/Sealers,Maintenance Products/Sealers,Intercontinental Exchange
Surfaces,Surfacing Materials,Surfacing Materials,Facebook
Surfaces,Surfacing Materials,Surfacing Materials,Marathon Petroleum
Surfaces,Tile/Marble/Stone/Mosaic,Tile/Marble/Stone/Mosaic,Delek US Holdings
Surfaces,Tile/Marble/Stone/Mosaic,Tile/Marble/Stone/Mosaic,CMS Energy
Surfaces,Tile/Marble/Stone/Mosaic,Tile/Marble/Stone/Mosaic,Dollar General
Surfaces,Tile/Marble/Stone/Mosaic,Tile/Marble/Stone/Mosaic,Apache
Surfaces,Tile/Marble/Stone/Mosaic,Tile/Marble/Stone/Mosaic,Voya Financial
Surfaces,Tile/Marble/Stone/Mosaic,Tile/Marble/Stone/Mosaic,NVR
Surfaces,Tile/Marble/Stone/Mosaic,Tile/Marble/Stone/Mosaic,Cintas
Surfaces,Tile/Marble/Stone/Mosaic,Tile/Marble/Stone/Mosaic,Edison International
Surfaces,Tile/Marble/Stone/Mosaic,Tile/Marble/Stone/Mosaic,Ingredion
Surfaces,Tile/Marble/Stone/Mosaic,Tile/Marble/Stone/Mosaic,Entergy
Surfaces,Tile/Marble/Stone/Mosaic,Tile/Marble/Stone/Mosaic,Lincoln National
Tables,Banquet/Conference Tables,Banquet/Conference Tables,FirstEnergy
Tables,Banquet/Conference Tables,Banquet/Conference Tables,Comcast
Tables,Banquet/Conference Tables,Banquet/Conference Tables,TJX
Tables,Banquet/Conference Tables,Banquet/Conference Tables,Comcast
Tables,Banquet/Conference Tables,Banquet/Conference Tables,NextEra Energy
Tables,Banquet/Conference Tables,Banquet/Conference Tables,AutoZone
Tables,Banquet/Conference Tables,Banquet/Conference Tables,Visa
Tables,Banquet/Conference Tables,Banquet/Conference Tables,Marsh & McLennan
Tables,Dining,Dining,Peter Kiewit Sons'
Tables,Dining,Dining,eBay
Tables,Dining,Dining,First Data
Tables,Dining,Dining,Newmont Goldcorp
Tables,Endtables/Coffee Tables,Endtables/Coffee Tables,Reliance Steel & Aluminum
Tables,Endtables/Coffee Tables,Endtables/Coffee Tables,Oshkosh
Tables,Endtables/Coffee Tables,Endtables/Coffee Tables,Lockheed Martin
Tables,Endtables/Coffee Tables,Endtables/Coffee Tables,Lincoln National
Tables,Endtables/Coffee Tables,Endtables/Coffee Tables,Cardinal Health
Tables,Endtables/Coffee Tables,Endtables/Coffee Tables,Sherwin-Williams
Tables,Endtables/Coffee Tables,Endtables/Coffee Tables,Ameriprise Financial
Tables,Endtables/Coffee Tables,Endtables/Coffee Tables,Lockheed Martin
Tables,Endtables/Coffee Tables,Endtables/Coffee Tables,NGL Energy Partners
Tables,Endtables/Coffee Tables,Endtables/Coffee Tables,Land O'Lakes
Tables,Endtables/Coffee Tables,Endtables/Coffee Tables,WESCO International
Tables,Endtables/Coffee Tables,Endtables/Coffee Tables,Community Health Systems
Tables,Endtables/Coffee Tables,Endtables/Coffee Tables,Cummins
Tables,Game Tables,Game Tables,American Airlines Group
Tables,Game Tables,Game Tables,American Financial Group
Tables,Game Tables,Game Tables,Ameriprise Financial
Tables,Game Tables,Game Tables,Texas Instruments
Tables,Game Tables,Game Tables,TravelCenters of America
Tables,Game Tables,Game Tables,Freddie Mac
Tables,Glass/Metal/Wood/Stone,Glass/Metal/Wood/Stone,NCR
Tables,Glass/Metal/Wood/Stone,Glass/Metal/Wood/Stone,Home Depot
Tables,Glass/Metal/Wood/Stone,Glass/Metal/Wood/Stone,INTL FCStone
Tables,Glass/Metal/Wood/Stone,Glass/Metal/Wood/Stone,Kraft Heinz
Tables,Glass/Metal/Wood/Stone,Glass/Metal/Wood/Stone,Applied Materials
Tables,Glass/Metal/Wood/Stone,Glass/Metal/Wood/Stone,J.C. Penney
Tables,Glass/Metal/Wood/Stone,Glass/Metal/Wood/Stone,Fannie Mae
Tables,Outdoor/Casual Tables,Outdoor/Casual Tables,Delta Air Lines
Tables,Outdoor/Casual Tables,Outdoor/Casual Tables,AECOM
Tables,Outdoor/Casual Tables,Outdoor/Casual Tables,DISH Network
Tables,Outdoor/Casual Tables,Outdoor/Casual Tables,Harris
Tables,Outdoor/Casual Tables,Outdoor/Casual Tables,Colgate-Palmolive
Tables,Outdoor/Casual Tables,Outdoor/Casual Tables,Macy's
Tables,Outdoor/Casual Tables,Outdoor/Casual Tables,Ally Financial
Tables,Outdoor/Casual Tables,Outdoor/Casual Tables,General Dynamics
Tables,Outdoor/Casual Tables,Outdoor/Casual Tables,AGCO
Tables,Outdoor/Casual Tables,Outdoor/Casual Tables,U.S. Bancorp
Tables,Outdoor/Casual Tables,Outdoor/Casual Tables,Molson Coors Brewing
Tables,Outdoor/Casual Tables,Outdoor/Casual Tables,PREVIO
Tables,Portable Tables,Portable Tables,Core-Mark Holding
Tables,Portable Tables,Portable Tables,NextEra Energy
Tables,Rattan/Wicker/Natural Fiber,Rattan/Wicker/Natural Fiber,Phillips 66
Tables,Rattan/Wicker/Natural Fiber,Rattan/Wicker/Natural Fiber,Fidelity National Financial
Tables,Rattan/Wicker/Natural Fiber,Rattan/Wicker/Natural Fiber,Kinder Morgan
Tables,Rattan/Wicker/Natural Fiber,Rattan/Wicker/Natural Fiber,Target
Tables,Rattan/Wicker/Natural Fiber,Rattan/Wicker/Natural Fiber,JetBlue Airways
Tables,Table Bases/Tops,Table Bases/Tops,Paccar
Tables,Table Bases/Tops,Table Bases/Tops,Graphic Packaging Holding
Tables,Table Bases/Tops,Table Bases/Tops,Ally Financial
Tables,Table Bases/Tops,Table Bases/Tops,Alliance Data Systems
Tables,Table Bases/Tops,Table Bases/Tops,Micron Technology
Tables,Table Bases/Tops,Table Bases/Tops,Ulta Beauty
Tables,Table Bases/Tops,Table Bases/Tops,J.B. Hunt Transport Services
Tables,Table Bases/Tops,Table Bases/Tops,Northrop Grumman
Tables,Table Bases/Tops,Table Bases/Tops,Avis Budget Group
Tables,Table Bases/Tops,Table Bases/Tops,Apple
Tables,Table Bases/Tops,Table Bases/Tops,Southwest Airlines
Tables,Table Bases/Tops,Table Bases/Tops,UGI
Tables,Table Bases/Tops,Table Bases/Tops,Home Depot
Tables,Table Bases/Tops,Table Bases/Tops,Realogy Holdings
Tables,Table Bases/Tops,Table Bases/Tops,HCA Healthcare
Wall Coverings,Embossed/Relief,Embossed/Relief,Dollar Tree
Wall Coverings,Embossed/Relief,Embossed/Relief,Honeywell International
Wall Coverings,Embossed/Relief,Embossed/Relief,Murphy USA
Wall Coverings,Fabric,Fabric,Performance Food Group
Wall Coverings,Fabric,Fabric,Delek US Holdings
Wall Coverings,Fabric,Fabric,DuPont de Nemours
Wall Coverings,Fabric,Fabric,Cardinal Health
Wall Coverings,Fabric,Fabric,iHeartMedia
Wall Coverings,Fabric,Fabric,Amazon.com
Wall Coverings,Fabric,Fabric,Expeditors Intl. of Washington
Wall Coverings,Fabric,Fabric,Univar
Wall Coverings,Fabric,Fabric,Olin
Wall Coverings,Fabric,Fabric,Farmers Insurance Exchange
Wall Coverings,Laminates,Laminates,Universal Health Services
Wall Coverings,Laminates,Laminates,Brighthouse Financial
Wall Coverings,Laminates,Laminates,American Tower
Wall Coverings,Laminates,Laminates,Toll Brothers
Wall Coverings,Laminates,Laminates,Ulta Beauty
Wall Coverings,Paint/Paint Systems,Paint/Paint Systems,Best Buy
Wall Coverings,Paint/Paint Systems,Paint/Paint Systems,Oshkosh
Wall Coverings,Paint/Paint Systems,Paint/Paint Systems,Air Products & Chemicals
Wall Coverings,Paint/Paint Systems,Paint/Paint Systems,Halliburton
Wall Coverings,Paint/Paint Systems,Paint/Paint Systems,Citizens Financial Group
Wall Coverings,Paint/Paint Systems,Paint/Paint Systems,Alcoa
Wall Coverings,Paint/Paint Systems,Paint/Paint Systems,Huntsman
Wall Coverings,Paint/Paint Systems,Paint/Paint Systems,Berry Global Group
Wall Coverings,Paint/Paint Systems,Paint/Paint Systems,Constellation Brands
Wall Coverings,Paint/Paint Systems,Paint/Paint Systems,Toll Brothers
Wall Coverings,Paint/Paint Systems,Paint/Paint Systems,IBM
Wall Coverings,Paint/Paint Systems,Paint/Paint Systems,Humana
Wall Coverings,Paint/Paint Systems,Paint/Paint Systems,Kroger
Wall Coverings,Surfacing Materials,Surfacing Materials,Intercontinental Exchange
Wall Coverings,Surfacing Materials,Surfacing Materials,Ralph Lauren
Wall Coverings,Surfacing Materials,Surfacing Materials,Cummins
Wall Coverings,Surfacing Materials,Surfacing Materials,Packaging Corp. of America
Wall Coverings,Surfacing Materials,Surfacing Materials,United Continental Holdings
Wall Coverings,Tile/Marble/Stone/Mosaic,Tile/Marble/Stone/Mosaic,CMS Energy
Wall Coverings,Tile/Marble/Stone/Mosaic,Tile/Marble/Stone/Mosaic,NextEra Energy
Wall Coverings,Tile/Marble/Stone/Mosaic,Tile/Marble/Stone/Mosaic,Ameren
Wall Coverings,Tile/Marble/Stone/Mosaic,Tile/Marble/Stone/Mosaic,BorgWarner
Wall Coverings,Tile/Marble/Stone/Mosaic,Tile/Marble/Stone/Mosaic,Booking Holdings
Wall Coverings,Tile/Marble/Stone/Mosaic,Tile/Marble/Stone/Mosaic,Loews
Wall Coverings,Tile/Marble/Stone/Mosaic,Tile/Marble/Stone/Mosaic,Discover Financial Services
Wall Coverings,Tile/Marble/Stone/Mosaic,Tile/Marble/Stone/Mosaic,NVR
Wall Coverings,Wallpaper,Wallpaper,Reliance Steel & Aluminum
Wall Coverings,Wallpaper,Wallpaper,Farmers Insurance Exchange
Wall Coverings,Wallpaper,Wallpaper,Union Pacific
Wall Coverings,Wallpaper,Wallpaper,New York Life Insurance
Wall Coverings,Wallpaper,Wallpaper,Interpublic Group
Wall Coverings,Wallpaper,Wallpaper,Viacom
Wall Coverings,Wallpaper,Wallpaper,Lowe's
Wall Coverings,Wallpaper,Wallpaper,PBF Energy
Wall Coverings,Wallpaper,Wallpaper,Spirit AeroSystems Holdings
Wall Coverings,Wallpaper,Wallpaper,Ameriprise Financial
Wall Coverings,Wallpaper,Wallpaper,Jones Financial (Edward Jones)
Wall Coverings,Wallpaper,Wallpaper,Microsoft
Window Treatments,Blinds/Shutters,Blinds/Shutters,Dollar General
Window Treatments,Blinds/Shutters,Blinds/Shutters,Leidos Holdings
Window Treatments,Blinds/Shutters,Blinds/Shutters,Insight Enterprises
Window Treatments,Blinds/Shutters,Blinds/Shutters,Nucor
Window Treatments,Blinds/Shutters,Blinds/Shutters,Packaging Corp. of America
Window Treatments,Blinds/Shutters,Blinds/Shutters,Packaging Corp. of America
Window Treatments,Blinds/Shutters,Blinds/Shutters,Raytheon
Window Treatments,Blinds/Shutters,Blinds/Shutters,Progressive
Window Treatments,Blinds/Shutters,Blinds/Shutters,Nvidia
Window Treatments,Blinds/Shutters,Blinds/Shutters,PG&E
Window Treatments,Blinds/Shutters,Blinds/Shutters,Lincoln National
Window Treatments,Blinds/Shutters,Blinds/Shutters,salesforce.com
Window Treatments,Blinds/Shutters,Blinds/Shutters,Jones Financial (Edward Jones)
Window Treatments,Blinds/Shutters,Blinds/Shutters,Freeport-McMoRan
Window Treatments,Blinds/Shutters,Blinds/Shutters,JPMorgan Chase
Window Treatments,Blinds/Shutters,Blinds/Shutters,BlackRock
Window Treatments,Drapery,Drapery,Peabody Energy
Window Treatments,Drapery,Drapery,Burlington Stores
Window Treatments,Drapery,Drapery,DaVita
Window Treatments,Drapery,Drapery,JetBlue Airways
Window Treatments,Drapery,Drapery,Eastman Chemical
Window Treatments,Drapery,Drapery,Anadarko Petroleum
Window Treatments,Drapery,Drapery,Oneok
Window Treatments,Drapery Hardware,Drapery Hardware,Southern
Window Treatments,Drapery Hardware,Drapery Hardware,Erie Insurance Group
Window Treatments,Drapery Hardware,Drapery Hardware,Pacific Life
Window Treatments,Drapery Hardware,Drapery Hardware,BlackRock
Window Treatments,Drapery Hardware,Drapery Hardware,AIG
Window Treatments,Drapery Hardware,Drapery Hardware,CVS Health
Window Treatments,Drapery Hardware,Drapery Hardware,Cheniere Energy
Window Treatments,Drapery Hardware,Drapery Hardware,Oracle
Window Treatments,Fabric,Fabric,AutoNation
Window Treatments,Fabric,Fabric,salesforce.com
Window Treatments,Fabric,Fabric,Emerson Electric
Window Treatments,Fabric,Fabric,Rockwell Automation
Window Treatments,Fabric,Fabric,Coty
Window Treatments,Fabric,Fabric,Berry Global Group
