Company_Name,City,State,Toll_Free_Phone,Phone,Email,URL
1908 Furniture Co.,Alameda,VA,5553331000,,keavy@1908furniture.com,www.1908furniture.com
88/10 McLaura Cliffords Inc.,Medford,MI,8005555934,6165559382,timothy@8810mclaura.com,www.88/10mclaura.com
Advertising Schmadvertising,Revere,SC,8005555934,,,www.advertisingschmadvertising.com
Lord of the Advertise,,,8665555934,,info@LordOfTheAdvertise.com,www.LordOfTheAdvertise.com
Beyond the Sale Inc.,Sheffield,MN,8005555934,,,www.beyondthesale.com
Ad Egg Inc.,Savannah,CA,5553331000,,,www.adegginc.com
Revenues My French Inc.,Coney Island,WI,5553331000,,,www.revenues-my-french.com
Cash on the Retail,Saint Joseph,NJ,5553331000,,,www.cashontheretail.com
Barking Ad,Plains,MA,8005555934,,,www.barkingad.com
Break the Revenues & More,Lahaina,WI,5553331000,,,www.breaktherevenuesandmore.com
ENNOVATE - Flooring,Rutherford,"QC, Canada",8004378743,8195550909,flooring@american-ennovate.com,www.ennovate.com/flooring
Innovation X Corp.,Bartow,"ON, Canada",5553331000,,,www.innovationxcorp.com
There's No Such Thing as Ad Publicity,North Haven,MO,8005555934,,,www.theresnosuchthingasadpublicity.com
ALELLO Systems,Nyack,GA,877555ALEL,,,www.alello.com
Space Shuttle Corp.,Harwich,WI,5553331000,,sales@spaceshuttlecorp.com ,www.spaceshuttlecorp.com
Engineering-Schmengineering,New Braunfels,NY,8005555934,8455559999,inquire@eng-schmeng.com,www.eng-schmeng.com
HUMBLE Corp,Neillsville,WI,5553331000,,,www.humblecorp.net
"Jolie, Randall And Clifford, Associates",Corona,MO,5553331000,,,www.jol-ran-cliff.com
McTommy Gobbles Inc.,Herkimer,WI,5553331000,,info@mctommygobbles.com,www.mctommygobbles.com
"Humble, Platt And Gobble, Associates",Franklin,VA,5553331000,,marketing@hpaga.com,www.hpaga.com
Builders International,Northbrook,IL,8005555934,,builders@builders-int.com,www.builders-int.com
Decorate Unpleasantness,Milledgeville,AZ,5553331000,,info@decorateupleasantness.com,www.decorateupleasantness.com
Fifth Decorate,Canyon,AR,8005555934,,,www.fifthdecorate.com
Sight For Sore Advise,Gretna,IN,5553331000,,,www.sightforsoreadvise.com