CategoryPath,CategoryName,CompanyName
Architects/Designers,Architects,AG Architecture Inc.
Architects/Designers,Architects,Architectural Design Consultants Inc.
Architects/Designers,Architects,"Architecture, Incorporated"
Architects/Designers,Architects,Irwin Partners Architects
Architects/Designers,Architects,JMM Architects Inc.
Architects/Designers,Architects,K2M Design Inc.
Architects/Designers,Architects,KCBA Architects
Architects/Designers,Architects,KDA Architects PA
Architects/Designers,Architects,Kramer+Marks Architects
Architects/Designers,Architects,KTH Architects Inc.
Architects/Designers,Architects,LAN Associates
Architects/Designers,Architects,Lantz-Boggio Architects
Architects/Designers,Architects,Lawrence Group
Architects/Designers,Architects,Lenhardt Rodgers Architecture + Interiors
Architects/Designers,Architects,LEO A DALY
Architects/Designers,Architects,LRS Architects
Architects/Designers,Architects,Luminaut
Architects/Designers,Architects,LWDA Inc.
Architects/Designers,Architects,McMillan Pazdan Smith Architecture
Architects/Designers,Architects,Meyer Senior Living Studio
Architects/Designers,Architects,MKM architecture + design
Architects/Designers,Architects,MMP Architects
Architects/Designers,Architects,Morton Buildings
Architects/Designers,Architects,Moseley Architects
Architects/Designers,Architects,Nelson•Tremain Partnership
Architects/Designers,Architects,NK Architects
Architects/Designers,Architects,Noelker & Hull Associates
Architects/Designers,Architects,Perkins Eastman
Architects/Designers,Architects,Worn Jerabek Wiltse Architects
Architects/Designers,Architects,Zimmerman Architectural Studios Inc.
Architects/Designers,Environmental Graphic Design,ASI | Signage Innovations
Architects/Designers,Environmental Graphic Design,CannonDesign
Architects/Designers,Environmental Graphic Design,CATHRYN BANG + PARTNERS Architects & Planners
Architects/Designers,Environmental Graphic Design,Creative A LLC
Architects/Designers,Environmental Graphic Design,S D S D E S I G N
Architects/Designers,Environmental Graphic Design,Stewart & Conners Architects PLLC
Architects/Designers,Foodservice Planning/Design,CATHRYN BANG + PARTNERS Architects & Planners
Architects/Designers,Foodservice Planning/Design,Direct Supply Aptura
Architects/Designers,Foodservice Planning/Design,LWDA Inc.
Architects/Designers,Foodservice Planning/Design,SCOPOS Hospitality Group
Architects/Designers,Foodservice Planning/Design,Spiezle Architectural Group Inc.
Architects/Designers,Foodservice Planning/Design,Stewart & Conners Architects PLLC
Architects/Designers,Interior Architecture,Architectural Design Consultants Inc.
Architects/Designers,Interior Architecture,"Architecture, Incorporated"
Architects/Designers,Interior Architecture,CATHRYN BANG + PARTNERS Architects & Planners
Architects/Designers,Interior Architecture,City Architecture
Architects/Designers,Interior Architecture,Lanza Design
Architects/Designers,Interior Architecture,Lenhardt Rodgers Architecture + Interiors
Architects/Designers,Interior Architecture,Spellman Brady & Co.
Architects/Designers,Interior Architecture,Spiezle Architectural Group Inc.
Architects/Designers,Interior Architecture,Stewart & Conners Architects PLLC
Architects/Designers,Interior Architecture,Thoma-Holec Design LLC
Architects/Designers,Interior Architecture,Wold Architects and Engineers
Architects/Designers,Interior Designers,Architectural Design Consultants Inc.
Architects/Designers,Interior Designers,"Architecture, Incorporated"
Architects/Designers,Interior Designers,THW Interiors 
Architects/Designers,Interior Designers,Tobin Parnes Design
Architects/Designers,Interior Designers,Wegman Design Group Inc.
Architects/Designers,Interior Designers,Wold Architects and Engineers
Architects/Designers,Interior Designers,Worn Jerabek Wiltse Architects
Architects/Designers,Interior Designers,Zimmerman Architectural Studios Inc.
Architects/Designers,Landscape Architects,ARKOS DESIGN
Architects/Designers,Landscape Architects,ASI | Signage Innovations
Architects/Designers,Landscape Architects,Bernardon
Architects/Designers,Landscape Architects,Cuningham Group Architecture Inc.
Architects/Designers,Landscape Architects,ERDMAN
Architects/Designers,Landscape Architects,FFKR Architects
Architects/Designers,Landscape Architects,"Gawron Turgeon Architects, P.C."
Architects/Designers,Landscape Architects,Hitchcock Design Group
Architects/Designers,Landscape Architects,Hord Coplan Macht Inc.
Architects/Designers,Landscape Architects,KDA Architects PA
Architects/Designers,Landscape Architects,LWDA Inc.
Architects/Designers,Landscape Architects,MESA
Architects/Designers,Landscape Architects,Pi Architects
Architects/Designers,Landscape Architects,RDG Planning & Design
Architects/Designers,Landscape Architects,Shive-Hattery Inc. Architecture & Engineering
Architects/Designers,Landscape Architects,The S/L/A/M Collaborative
Architects/Designers,Landscape Architects,Spiezle Architectural Group Inc.
Architects/Designers,Landscape Architects,THW Design
Architects/Designers,Landscape Architects,Zimmerman Architectural Studios Inc.
Architects/Designers,Project Management,Brown Calabretta Architects Inc.
Architects/Designers,Project Management,CATHRYN BANG + PARTNERS Architects & Planners
Architects/Designers,Project Management,City Architecture
Architects/Designers,Project Management,Dementia Care Specialists
Architects/Designers,Project Management,FCA
Architects/Designers,Project Management,Hobbs+Black Architects
Architects/Designers,Project Management,Irwin Partners Architects
Architects/Designers,Project Management,KDA Architects PA
Architects/Designers,Project Management,Lenhardt Rodgers Architecture + Interiors
Architects/Designers,Project Management,LEO A DALY
Architects/Designers,Project Management,LWDA Inc.
Architects/Designers,Project Management,Morton Buildings
Architects/Designers,Project Management,Noelker & Hull Associates
Architects/Designers,Project Management,Pi Architects
Architects/Designers,Project Management,Quorum Architects
Architects/Designers,Project Management,Spiezle Architectural Group Inc.
Architects/Designers,Project Management,Stewart & Conners Architects PLLC
Construction/Engineering,Construction Managers,Benchmark Construction Co. Inc.
Construction/Engineering,Construction Managers,CATHRYN BANG + PARTNERS Architects & Planners
Construction/Engineering,Construction Managers,Community Living Solutions
Construction/Engineering,Construction Managers,Hestia Group
Construction/Engineering,Construction Managers,"Hoffman Planning, Design & Construction Inc."
Construction/Engineering,Construction Managers,Let's Pave LLC
Construction/Engineering,Construction Managers,Morton Buildings
Construction/Engineering,Construction Managers,PROCON
Construction/Engineering,Construction Managers,The S/L/A/M Collaborative
Construction/Engineering,Design-Build,Benchmark Construction Co. Inc.
Construction/Engineering,Design-Build,CannonDesign
Construction/Engineering,Design-Build,Direct Supply Aptura
Construction/Engineering,Design-Build,ERDMAN
Construction/Engineering,Design-Build,"Hoffman Planning, Design & Construction Inc."
Construction/Engineering,Design-Build,KTH Architects Inc.
Construction/Engineering,Design-Build,Lenhardt Rodgers Architecture + Interiors
Construction/Engineering,Design-Build,PROCON
Construction/Engineering,Design-Build,Shive-Hattery Inc. Architecture & Engineering
Construction/Engineering,Engineering Firms/Services,CannonDesign
Construction/Engineering,Engineering Firms/Services,Lenhardt Rodgers Architecture + Interiors
Construction/Engineering,Engineering Firms/Services,Moseley Architects
Construction/Engineering,Engineering Firms/Services,Shive-Hattery Inc. Architecture & Engineering
Construction/Engineering,Engineering Firms/Services,Wold Architects and Engineers
Construction/Engineering,Mechanical/Electrical Engineers,Wold Architects and Engineers
Consultants,Art Consultants,"ARCH Design, Artwork & Framing"
Consultants,Art Consultants,Art Advisory + Brand Solutions LLC
Consultants,Art Consultants,Artline Ltd.
Consultants,Art Consultants,B-Framed Galleries
Consultants,Art Consultants,Creative A LLC
Consultants,Art Consultants,DAC Art Consulting
Consultants,Art Consultants,Great American Art
Consultants,Art Consultants,Horizon Art
Consultants,Art Consultants,Noyes Art Designs
Consultants,Art Consultants,Placzek Studios
Consultants,Consultants,The Belaire Group
Consultants,Consultants,Capella Living Solutions
Consultants,Consultants,Dementia Care Specialists
Consultants,Consultants,ERDMAN
Consultants,Consultants,Faulkner Design Group
Consultants,Consultants,Thoma-Holec Design LLC
Consultants,Facility Consulting,The Belaire Group
Consultants,Facility Consulting,Let's Pave LLC
Consultants,Facility Consulting,Stewart & Conners Architects PLLC
Consultants,"Furniture, Fixture, and Equipment (FF&E) Procurement",Direct Supply Designer Link
Consultants,"Furniture, Fixture, and Equipment (FF&E) Procurement",eight twenty 8 DESIGN LLC
Consultants,"Furniture, Fixture, and Equipment (FF&E) Procurement",Faulkner Design Group
Consultants,"Furniture, Fixture, and Equipment (FF&E) Procurement",Furniture Solutions Group
Consultants,"Furniture, Fixture, and Equipment (FF&E) Procurement",Henrik & Co. 
Consultants,"Furniture, Fixture, and Equipment (FF&E) Procurement",Hill & Hill Procurement
Consultants,"Furniture, Fixture, and Equipment (FF&E) Procurement",Interior Design Associates Inc.
Consultants,"Furniture, Fixture, and Equipment (FF&E) Procurement",Lenhardt Rodgers Architecture + Interiors
Consultants,"Furniture, Fixture, and Equipment (FF&E) Procurement",LEO A DALY
Consultants,"Furniture, Fixture, and Equipment (FF&E) Procurement",Pi Architects
Consultants,"Furniture, Fixture, and Equipment (FF&E) Procurement",Sonus Interiors
Consultants,"Furniture, Fixture, and Equipment (FF&E) Procurement",Spellman Brady & Co.
Consultants,"Furniture, Fixture, and Equipment (FF&E) Procurement",Thoma-Holec Design LLC
Consultants,"Furniture, Fixture, and Equipment (FF&E) Procurement",Titan Global Distribution
Consultants,"Installation, Interior Furnishings & Equipment",Station Ten
Consultants,Relocation Services,Station Ten
Consultants,Technology Consulting/Planning/Design,ASSA ABLOY Global Solutions
Consultants,Technology Consulting/Planning/Design,CannonDesign
Consultants,Technology Consulting/Planning/Design,Direct Supply Aptura
Consultants,Technology Consulting/Planning/Design,Faulkner Design Group
Consultants,Technology Consulting/Planning/Design,Let's Pave LLC
Consultants,Warehousing and Transportation,Station Ten
Consultants,Wayfinding & Signage Consultants,ASI | Signage Innovations
Consultants,Wayfinding & Signage Consultants,"Cooper Signage & Graphics , an approved vendor of Premier Inc."
Consultants,Wayfinding & Signage Consultants,HealthcareSigns.com
Consultants,Wayfinding & Signage Consultants,INNERFACE Architectural Signage
Consultants,Wayfinding & Signage Consultants,Noyes Art Designs
Consultants,Wayfinding & Signage Consultants,S D S D E S I G N
Consultants,Wayfinding & Signage Consultants,Theme Fusion
Appliances,Kitchen Appliances,Kenyon International Inc.
Appliances,Kitchen Appliances,MicroFridge
Art/Accessories,Art,Amanti Art & Mirrors
Art/Accessories,Art,"ARCH Design, Artwork & Framing"
Art/Accessories,Art,Artline Ltd.
Art/Accessories,Art,Ashley Gallery LLC
Art/Accessories,Art,B+N Industries
Art/Accessories,Art,NW Art + Framing
Art/Accessories,Art,Placzek Studios
Art/Accessories,Art,Richard Sherman Photography
Art/Accessories,Art,The Simple Home
Art/Accessories,Art,Spellman Brady & Co.
Art/Accessories,Art,Wendover Art Group
Art/Accessories,Decorative Glass,B-Framed Galleries
Art/Accessories,Decorative Glass,DAC Art Consulting
Art/Accessories,Decorative Glass,Guy Kemper
Art/Accessories,Decorative Glass,Kessler Studios Inc.
Art/Accessories,Decorative Graphics,"ARCH Design, Artwork & Framing"
Art/Accessories,Decorative Graphics,ATI Decorative Laminates
Art/Accessories,Decorative Graphics,B+N Industries
Art/Accessories,Decorative Graphics,B-Framed Galleries
Art/Accessories,Decorative Graphics,"Cooper Signage & Graphics , an approved vendor of Premier Inc."
Art/Accessories,Decorative Graphics,Journey Fine Art
Art/Accessories,Decorative Graphics,Noyes Art Designs
Art/Accessories,Donor Recognition Design,"ARCH Design, Artwork & Framing"
Art/Accessories,Donor Recognition Design,"Cooper Signage & Graphics , an approved vendor of Premier Inc."
Art/Accessories,Donor Recognition Design,Guy Kemper
Art/Accessories,Donor Recognition Design,Noyes Art Designs
Art/Accessories,Donor Recognition Design,S D S D E S I G N
Art/Accessories,Memory Boxes,"ARCH Design, Artwork & Framing"
Art/Accessories,Memory Boxes,Artline Ltd.
Art/Accessories,Memory Boxes,Assisted Living Memory Boxes
Art/Accessories,Memory Boxes,Bathcessories by LiveWell Home Safety
Art/Accessories,Memory Boxes,Carstens Inc.
Art/Accessories,Memory Boxes,DAC Art Consulting
Art/Accessories,Memory Boxes,frame Digital Memory Boxes
Art/Accessories,Memory Boxes,HealthcareSigns.com
Art/Accessories,Mirrors,Amanti Art & Mirrors
Art/Accessories,Mirrors,"ARCH Design, Artwork & Framing"
Art/Accessories,Mirrors,Artline Ltd.
Art/Accessories,Mirrors,Bathcessories by LiveWell Home Safety
Art/Accessories,Mirrors,B-Framed Galleries
Art/Accessories,Mirrors,DAC Art Consulting
Art/Accessories,Mirrors,Horizon Art
Art/Accessories,Photography,Artline Ltd.
Art/Accessories,Photography,Ashley Gallery LLC
Art/Accessories,Photography,B+N Industries
Art/Accessories,Photography,B-Framed Galleries
Art/Accessories,Photography,DAC Art Consulting
Art/Accessories,Photography,Great American Art
Art/Accessories,Photography,Journey Fine Art
Art/Accessories,Photography,Noyes Art Designs
Art/Accessories,Photography,Richard Sherman Photography
Art/Accessories,Planters,ANOVA
Art/Accessories,Planters,DeepStream Designs
Art/Accessories,Wall Décor,"ARCH Design, Artwork & Framing"
Art/Accessories,Wall Décor,Artline Ltd.
Art/Accessories,Wall Décor,B+N Industries
Art/Accessories,Wall Décor,Leftbank Art Co.
Art/Accessories,Wall Décor,Noyes Art Designs
Art/Accessories,Wall Décor,Placzek Studios
Art/Accessories,Wall Décor,Richard Sherman Photography
Art/Accessories,Wall Décor,The Simple Home
Bath/Restroom,ADA-Compliance Products,Bathcessories Zero Entry Shower by LiveWell Home Safety
Bath/Restroom,ADA-Compliance Products,Bestbath
Bath/Restroom,ADA-Compliance Products,"Comfort Designs, a Division of Praxis Cos."
Bath/Restroom,ADA-Compliance Products,Grabcessories by LiveWell Home Safety
Bath/Restroom,ADA-Compliance Products,Grifform Innovations
Bath/Restroom,ADA-Compliance Products,HealthcareSigns.com
Bath/Restroom,ADA-Compliance Products,Inpro
Bath/Restroom,ADA-Compliance Products,KEUCO
Bath/Restroom,ADA-Compliance Products,Ponte Giulio USA
Bath/Restroom,ADA-Compliance Products,Porcelanosa
Bath/Restroom,Bathing Systems,Apollo Corp.
Bath/Restroom,Bathing Systems,Bestbath
Bath/Restroom,Bathing Systems,"Comfort Designs, a Division of Praxis Cos."
Bath/Restroom,Bathing Systems,MasterCare Patient Equipment
Bath/Restroom,Bathing Systems,Penner Bathing Spas 
Bath/Restroom,Bathroom Safety Products,Bathcessories Zero Entry Shower by LiveWell Home Safety
Bath/Restroom,Bathroom Safety Products,Bestbath
Bath/Restroom,Bathroom Safety Products,CSI Bathware
Bath/Restroom,Bathroom Safety Products,Grabcessories by LiveWell Home Safety
Bath/Restroom,Bathroom Safety Products,KEUCO
Bath/Restroom,Bathroom Safety Products,Ponte Giulio USA
Bath/Restroom,Plumbing Fixtures,Duravit USA Inc.
Bath/Restroom,Plumbing Fixtures,Grifform Innovations
Bath/Restroom,Plumbing Fixtures,JACLO
Bath/Restroom,Plumbing Fixtures,Just Manufacturing
Bath/Restroom,Plumbing Fixtures,Pfister
Bath/Restroom,Plumbing Fixtures,Porcelanosa
Bath/Restroom,Restroom Accessories,Bathcessories by LiveWell Home Safety
Bath/Restroom,Restroom Accessories,"Comfort Designs, a Division of Praxis Cos."
Bath/Restroom,Restroom Accessories,Grabcessories by LiveWell Home Safety
Bath/Restroom,Restroom Accessories,JACLO
Bath/Restroom,Restroom Accessories,KEUCO
Bath/Restroom,Restroom Accessories,Ponte Giulio USA
Bath/Restroom,Restroom Accessories,The Simple Home
Bath/Restroom,Shower Seats,ARC Inc.
Bath/Restroom,Shower Seats,Bestbath
Bath/Restroom,Shower Systems and Equipment,Accessible Systems Inc.
Bath/Restroom,Shower Systems and Equipment,ARC Inc.
Bath/Restroom,Shower Equipment & Supplies,Bathcessories Zero Entry Shower by LiveWell Home Safety
Bath/Restroom,Shower Systems and Equipment,Grifform Innovations
Bath/Restroom,Shower Systems and Equipment,JACLO
Bath/Restroom,Shower Systems and Equipment,Tower Industries
Bath/Restroom,Sinks,KEUCO
Bath/Restroom,Sinks,Ponte Giulio USA
Building Products,Architectural Millwork,Division 6 Services LLC - D/6
Building Products,Architectural Millwork,Flexco Corp.     
Building Products,Ceiling/Wall Systems,ATI Decorative Laminates
Building Products,Ceiling/Wall Systems,B+N Industries
Building Products,Ceiling/Wall Systems,Nana Wall Systems Inc.
Building Products,Door Hardware and Controls,ASSA ABLOY Global Solutions
Building Products,Door Hardware and Controls,Construction Specialties
Building Products,Door Hardware and Controls,dormakaba
Building Products,Door Hardware and Controls,Nana Wall Systems Inc.
Building Products,Door Hardware and Controls,Salto Systems
Building Products,Door Hardware and Controls,SIMONSWERK North America
Building Products,Door Hardware and Controls,Woodfold Manufacturing
Building Products,Doors,Construction Specialties
Building Products,Doors,Nana Wall Systems Inc.
Building Products,Doors,Woodfold Manufacturing
Building Products,Landscape Products,Freenotes Harmony Park
Building Products,Landscape Products,Let's Pave LLC
Building Products,Locks,ASSA ABLOY Global Solutions
Building Products,Locks,dormakaba
Building Products,Locks,Salto Systems
Building Products,Wall Panel Systems,ATI Decorative Laminates
Building Products,Wall Panel Systems,Construction Specialties
Building Products,Wall Panel Systems,Nana Wall Systems Inc.
Building Products,Windows,Kessler Studios Inc.
Building Products,Windows,Nana Wall Systems Inc.
Fabric/Textiles/Upholstery,Curtain Tracks/Room Dividers,Construction Specialties
Fabric/Textiles/Upholstery,Curtain Tracks/Room Dividers,DeepStream Designs
Fabric/Textiles/Upholstery,Curtain Tracks/Room Dividers,Inpro
Fabric/Textiles/Upholstery,Fabrics,Architex International
Fabric/Textiles/Upholstery,Fabrics,Burch
Fabric/Textiles/Upholstery,Fabrics,KB Contract
Fabric/Textiles/Upholstery,Fabrics,LDI Interiors
Fabric/Textiles/Upholstery,Fabrics,The Mitchell Group
Fabric/Textiles/Upholstery,Fabrics,Panaz USA
Fabric/Textiles/Upholstery,Fabrics,Standard Textile
Fabric/Textiles/Upholstery,"Fabrics, Antimicrobial",Architex International
Fabric/Textiles/Upholstery,"Fabrics, Antimicrobial",Carnegie
Fabric/Textiles/Upholstery,"Fabrics, Antimicrobial",Coral Fabrics (a Division of Charles Samelson Inc.)
Fabric/Textiles/Upholstery,"Fabrics, Antimicrobial",Douglass Fabrics
Fabric/Textiles/Upholstery,"Fabrics, Antimicrobial",Fabricut Contract
Fabric/Textiles/Upholstery,"Fabrics, Antimicrobial",JANUS et Cie
Fabric/Textiles/Upholstery,"Fabrics, Antimicrobial",LDI Interiors
Fabric/Textiles/Upholstery,"Fabrics, Antimicrobial",Panaz USA
Fabric/Textiles/Upholstery,"Fabrics, Green/Sustainable",Architex International
Fabric/Textiles/Upholstery,"Fabrics, Green/Sustainable",Carnegie
Fabric/Textiles/Upholstery,"Fabrics, Green/Sustainable",Coral Fabrics (a Division of Charles Samelson Inc.)
Fabric/Textiles/Upholstery,"Fabrics, Green/Sustainable",Douglass Fabrics
Fabric/Textiles/Upholstery,"Fabrics, Green/Sustainable",Fabricut Contract
Fabric/Textiles/Upholstery,"Fabrics, Green/Sustainable",LDI Interiors
Fabric/Textiles/Upholstery,"Fabrics, Green/Sustainable",The Mitchell Group
Fabric/Textiles/Upholstery,"Fabrics, Performance",Architex International
Fabric/Textiles/Upholstery,"Fabrics, Performance",Carnegie
Fabric/Textiles/Upholstery,"Fabrics, Performance",Douglass Fabrics
Fabric/Textiles/Upholstery,"Fabrics, Performance",Fabricut Contract
Fabric/Textiles/Upholstery,"Fabrics, Performance",JANUS et Cie
Fabric/Textiles/Upholstery,"Fabrics, Performance",LDI Interiors
Fabric/Textiles/Upholstery,"Fabrics, Performance",The Mitchell Group
Fabric/Textiles/Upholstery,"Fabrics, Vinyl",Architex International
Fabric/Textiles/Upholstery,"Fabrics, Vinyl",Bruin Plastics Co. Inc.
Fabric/Textiles/Upholstery,"Fabrics, Vinyl",Burch
Fabric/Textiles/Upholstery,"Fabrics, Vinyl",Coral Fabrics (a Division of Charles Samelson Inc.)
Fabric/Textiles/Upholstery,"Fabrics, Vinyl",Douglass Fabrics
Fabric/Textiles/Upholstery,"Fabrics, Vinyl",Fabricut Contract
Fabric/Textiles/Upholstery,"Fabrics, Vinyl",KB Contract
Fabric/Textiles/Upholstery,"Fabrics, Vinyl",LDI Interiors
Fabric/Textiles/Upholstery,"Fabrics, Vinyl",The Mitchell Group
Flooring,Carpet,AtlasMasland
Flooring,Carpet,Design Materials Inc.
Flooring,Carpet,Forbo Flooring Systems
Flooring,Carpet,Interface
Flooring,Carpet,J+J Flooring Group
Flooring,Carpet,Mannington Commercial
Flooring,Carpet,Mohawk Group
Flooring,Carpet,Patcraft
Flooring,Carpet,Shaw Contract
Flooring,Carpet,Signature Flooring
Flooring,Carpet,Tarkett
Flooring,Carpet Tile,AtlasMasland
Flooring,Carpet Tile,J+J Flooring Group
Flooring,Carpet Tile,Mannington Commercial
Flooring,"Floor Coating, Slip-Resistant",J+J Flooring Group
Flooring,"Floor Coating, Slip-Resistant",Mannington Commercial
Flooring,Flooring,Altro
Flooring,Flooring,American Biltrite - Flooring
Flooring,Flooring,Mohawk Group
Flooring,Flooring,Shaw Contract
Flooring,Flooring,Signature Flooring
Flooring,Flooring,TAJ Flooring Inc.
Flooring,Flooring,Tarkett
Flooring,Flooring,TOLI International/CBC Flooring
Flooring,"Flooring, Green/Sustainable",Armstrong Flooring
Flooring,"Flooring, Green/Sustainable",Lonseal Flooring
Flooring,"Flooring, Green/Sustainable",Mannington Commercial
Flooring,"Flooring, Green/Sustainable",Shaw Contract
Flooring,"Flooring, Green/Sustainable",Signature Flooring
Flooring,"Flooring, Green/Sustainable",TAJ Flooring Inc.
Flooring,"Flooring, Green/Sustainable",Tarkett
Flooring,"Flooring, Infection Control",Armstrong Flooring
Flooring,"Flooring, Infection Control",Ecore
Flooring,"Flooring, Infection Control",Flexco Corp.     
Flooring,"Flooring, Infection Control",Shaw Contract
Flooring,"Flooring, Infection Control",TAJ Flooring Inc.
Flooring,"Flooring, Infection Control",Tarkett
Flooring,"Flooring, Infection Control",TOLI International/CBC Flooring
Flooring,"Flooring, Resilient",American Biltrite - Flooring
Flooring,"Flooring, Resilient",Armstrong Flooring
Flooring,"Flooring, Resilient",Aspecta Commercial Flooring
Flooring,"Flooring, Resilient",Shaw Contract
Flooring,"Flooring, Resilient",Signature Flooring
Flooring,"Flooring, Resilient",TAJ Flooring Inc.
Flooring,"Flooring, Resilient",Tarkett
Flooring,"Flooring, Resilient",TOLI International/CBC Flooring
Flooring,Flooring Underlayment,Armstrong Flooring
Flooring,Flooring Underlayment,Aspecta Commercial Flooring
Flooring,Flooring Underlayment,Flexco Corp.     
Flooring,Flooring Underlayment,Lonseal Flooring
Flooring,Flooring Underlayment,Shaw Contract
Flooring,Flooring Underlayment,TAJ Flooring Inc.
Flooring,Flooring Underlayment,Tarkett
Furniture,"Beds, Electric",Abely
Furniture,Cabinets and Casegoods,1922 Commercial Furniture Co.
Furniture,Cabinets and Casegoods,Artline Ltd.
Furniture,Cabinets and Casegoods,BB Commercial Solutions
Furniture,Cabinets and Casegoods,CoronadoDC
Furniture,Cabinets and Casegoods,CSelect
Furniture,Cabinets and Casegoods,Division 6 Services LLC - D/6
Furniture,Cabinets and Casegoods,Kwalu
Furniture,Cabinets and Casegoods,Midmark
Furniture,Cabinets and Casegoods,This End Up Furniture Co.
Furniture,Dining Area Furniture,All Care Seating
Furniture,Dining Area Furniture,CSelect
Furniture,Dining Area Furniture,Kwalu
Furniture,Dining Area Furniture,MITY Inc. (Holsag)
Furniture,Dining Area Furniture,National Office Furniture
Furniture,Dining Area Furniture,Shelby Williams
Furniture,Dining Area Furniture,Space Tables Inc.
Furniture,Dining Area Furniture,Summer Classics Contract
Furniture,Indoor Furniture,atHand Table
Furniture,Indoor Furniture,ComforTek Seating Inc.
Furniture,Indoor Furniture,CoronadoDC
Furniture,Indoor Furniture,Summer Classics Contract
Furniture,Indoor Furniture,This End Up Furniture Co.
Furniture,Indoor Furniture,Wesnic
Furniture,Indoor-Outdoor Furniture,JANUS et Cie
Furniture,Indoor-Outdoor Furniture,Summer Classics Contract
Furniture,Indoor-Outdoor Furniture,Titan Global Distribution
Furniture,Lift Chairs,Abely
Furniture,Lift Chairs,Fairfield Chair Co.
Furniture,Lift Chairs,Logic Furniture
Furniture,Outdoor Furniture,ANOVA
Furniture,Outdoor Furniture,DeepStream Designs
Furniture,Outdoor Furniture,JANUS et Cie
Furniture,Outdoor Furniture,Kwalu
Furniture,Outdoor Furniture,Poly Concepts
Furniture,Outdoor Furniture,Summer Classics Contract
Furniture,Outdoor Furniture,Wesnic
Furniture,Recliners and Sleepers,Abely
Furniture,Recliners and Sleepers,Direct Supply
Furniture,Recliners and Sleepers,Hekman Contract
Furniture,Recliners and Sleepers,Kwalu
Furniture,Recliners and Sleepers,Logic Furniture
Furniture,Rockers,Kellex Seating
Furniture,Rockers,Logic Furniture
Furniture,Rockers,Summer Classics Contract
Furniture,"Seating, Bariatric",All Care Seating
Furniture,"Seating, Bariatric",ComforTek Seating Inc.
Furniture,"Seating, Bariatric",Fairfield Chair Co.
Furniture,"Seating, Bariatric",Flexsteel Industries Inc.
Furniture,"Seating, Bariatric",Kellex Seating
Furniture,"Seating, Bariatric",Kwalu
Furniture,"Seating, Bariatric",Logic Furniture
Furniture,"Seating, Bariatric",Midmark
Furniture,"Seating, Bariatric",MITY Inc. (Holsag)
Furniture,"Seating, Public Areas",ComforTek Seating Inc.
Furniture,"Seating, Public Areas",CoronadoDC
Furniture,"Seating, Public Areas",DeepStream Designs
Furniture,"Seating, Public Areas",National Office Furniture
Furniture,"Seating, Public Areas",Shelby Williams
Furniture,"Seating, Public Areas",Summer Classics Contract
Furniture,"Seating, Public Areas",This End Up Furniture Co.
Furniture,"Seating, Public Areas",Titan Global Distribution
Furniture,"Seating, Public Areas",Wesnic
Furniture,"Seating, Resident Room",All Care Seating
Furniture,"Seating, Resident Room",CoronadoDC
Furniture,"Seating, Resident Room",MITY Inc. (Holsag)
Furniture,"Seating, Resident Room",MPT-INTL
Furniture,"Seating, Resident Room",National Office Furniture
Furniture,"Seating, Resident Room",Titan Global Distribution
Furniture,"Seating, Staff",CoronadoDC
Furniture,"Seating, Staff",Flexsteel Industries Inc.
Furniture,"Seating, Staff",MITY Inc. (Holsag)
Furniture,Storage Products,Carstens Inc.
Furniture,Tables,atHand Table
Furniture,Tables,ComforTek Seating Inc.
Furniture,Tables,CoronadoDC
Furniture,Tables,National Office Furniture
Furniture,Tables,Shelby Williams
Furniture,Tables,Space Tables Inc.
Furniture,Tables,Summer Classics Contract
Furniture,Workspaces and Desks,Flexsteel Industries Inc.
Furniture,Workspaces and Desks,Midmark
Headwalls/Wall Mounts,Headwall Systems,Amico Corp.
Headwalls/Wall Mounts,Headwall Systems,Modular Services Company
Headwalls/Wall Mounts,Medical Rail Systems,Modular Services Company
Headwalls/Wall Mounts,"Mounts, Television",PDi Communication Systems Inc.
Housekeeping/Maintenance,Infection Control,Vancare Inc.
Lighting,Decorative Lighting,Ashley Lighting Inc.
Lighting,Decorative Lighting,Auberge Lighting
Lighting,Decorative Lighting,eight twenty 8 DESIGN LLC
Lighting,Decorative Lighting,Justice Design Group
Lighting,Decorative Lighting,Kuzco Lighting
Lighting,Decorative Lighting,Numera Lighting
Lighting,Decorative Lighting,Top Brass Lighting
Lighting,Decorative Lighting,WalaLight LLC
Lighting,Lamps,Arkansas Lighting
Lighting,Lamps,Ashley Lighting Inc.
Lighting,Lamps,JES Lighting Inc.
Lighting,Lamps,Top Brass Lighting
Lighting,Lamps,WalaLight LLC
Lighting,LED Lighting,AAMSCO Lighting Inc.
Lighting,LED Lighting,Ashley Lighting Inc.
Lighting,LED Lighting,Auberge Lighting
Lighting,LED Lighting,Healthe by Lighting Science
Lighting,LED Lighting,Lumenant
Lighting,LED Lighting,Top Brass Lighting
Lighting,LED Lighting,WalaLight LLC
Lighting,Lighting Fixtures/Supplies,AAMSCO Lighting Inc.
Lighting,Lighting Fixtures/Supplies,Arkansas Lighting
Lighting,Lighting Fixtures/Supplies,Ashley Lighting Inc.
Lighting,Lighting Fixtures/Supplies,Healthe by Lighting Science
Lighting,Lighting Fixtures/Supplies,Kuzco Lighting
Lighting,Lighting Fixtures/Supplies,Lumenant
Lighting,Lighting Fixtures/Supplies,Top Brass Lighting
Lighting,Lighting Fixtures/Supplies,WalaLight LLC
Medical Equipment/Supplies,Lifts,Abely
Medical Equipment/Supplies,Lifts,Amico Corp.
Medical Equipment/Supplies,Lifts,Vancare Inc.
Medical Equipment/Supplies,"Lifts, Ceiling",Vancare Inc.
Medical Equipment/Supplies,Medical Equipment,Abely
Medical Equipment/Supplies,Medical Equipment,Amico Corp.
Medical Equipment/Supplies,Medical Equipment,Midmark
Medical Equipment/Supplies,Medical Equipment,Modular Services Company
Medical Equipment/Supplies,Medical Equipment,Titan Global Distribution
Physical Therapy/Rehab,Physical Therapy Equipment,Direct Supply
Physical Therapy/Rehab,Physical Therapy Equipment,Titan Global Distribution
Physical Therapy/Rehab,Physical Therapy Equipment,Troy Technologies Inc.
Physical Therapy/Rehab,Physical Therapy Equipment,Vancare Inc.
Physical Therapy/Rehab,Therapy Pools,SwimEx
Safety,Fall Prevention/Protection,Grabcessories by LiveWell Home Safety
Safety,Fall Prevention/Protection,Momentum Healthware
Safety,Fall Prevention/Protection,Ponte Giulio USA
Safety,Grab Bars,ARC Inc.
Safety,Grab Bars,Bestbath
Safety,Grab Bars,Construction Specialties
Safety,Grab Bars,Grabcessories by LiveWell Home Safety
Safety,Grab Bars,KEUCO
Safety,Grab Bars,Ponte Giulio USA
Safety,Handrails,Inpro
Signage/Wayfinding,Signage,2/90 Sign Systems Inc.
Signage/Wayfinding,Signage,APCO Sign Systems
Signage/Wayfinding,Signage,ASI | Signage Innovations
Signage/Wayfinding,Signage,ATI Decorative Laminates
Signage/Wayfinding,Signage,"Cooper Signage & Graphics , an approved vendor of Premier Inc."
Signage/Wayfinding,Signage,HealthcareSigns.com
Signage/Wayfinding,Signage,INNERFACE Architectural Signage
Signage/Wayfinding,Signage,Inpro
Signage/Wayfinding,Signage,Numera Lighting
Signage/Wayfinding,Signage,S D S D E S I G N
Signage/Wayfinding,Signage,Theme Fusion
Signage/Wayfinding,Wayfinding,2/90 Sign Systems Inc.
Signage/Wayfinding,Wayfinding,ASI | Signage Innovations
Signage/Wayfinding,Wayfinding,Aspecta Commercial Flooring
Signage/Wayfinding,Wayfinding,"Cooper Signage & Graphics , an approved vendor of Premier Inc."
Signage/Wayfinding,Wayfinding,HealthcareSigns.com
Signage/Wayfinding,Wayfinding,INNERFACE Architectural Signage
Signage/Wayfinding,Wayfinding,Let's Pave LLC
Signage/Wayfinding,Wayfinding,S D S D E S I G N
Spa/Salon,Salon Sinks,Accessible Systems Inc.
Spa/Salon,Salon Sinks,Belvedere-Maletti 
Spa/Salon,"Tubs, Walk-In",Apollo Corp.
Spa/Salon,"Tubs, Walk-In",MasterCare Patient Equipment
Surfaces,Antimicrobial Products,Inpro
Surfaces,Antimicrobial Products,Lonseal Flooring
Surfaces,Antimicrobial Products,Salto Systems
Surfaces,Countertop Surfacing,Arizona Tile
Surfaces,Countertop Surfacing,ATI Decorative Laminates
Surfaces,Countertop Surfacing,Porcelanosa
Surfaces,Tile,Kessler Studios Inc.
Surfaces,Solid Surfacing Material,Porcelanosa
Surfaces,Surfaces,ATI Decorative Laminates
Surfaces,Surfaces,B+N Industries
Surfaces,Surfaces,Lonseal Flooring
Surfaces,Surfaces,Porcelanosa
Surfaces,"Surfaces, Green/Sustainable",Carnegie
Surfaces,"Surfaces, Green/Sustainable",Porcelanosa
Surfaces,Wall/Corner Protection,Inpro
Surfaces,Wallcoverings,Arc-Com
Surfaces,Wallcoverings,ATI Decorative Laminates
Surfaces,Wallcoverings,B+N Industries
Surfaces,Wallcoverings,Carnegie
Surfaces,Wallcoverings,Construction Specialties
Surfaces,Wallcoverings,Fabricut Contract
Surfaces,Wallcoverings,Theme Fusion
Technology and Communications-Residents/Visitors,Assistive Technology,IN2L (It's Never 2 Late)
Technology and Communications-Residents/Visitors,Nurse Call Systems,Midmark
Technology and Communications-Residents/Visitors,Nurse Call Systems,Momentum Healthware
Technology and Communications-Residents/Visitors,Nurse Call Systems,Systems Technologies
Technology and Communications-Residents/Visitors,Nurse Call Systems,TekTone Healthcare Communications
Technology and Communications-Residents/Visitors,Television Programming,DIRECTV for BUSINESS℠
Technology and Communications-Residents/Visitors,Television Programming,DISH Business
Technology and Communications-Residents/Visitors,Televisions/DVD Players,PDi Communication Systems Inc.
Technology and Communications-Staff/Facilities,Access Control Systems,Accuride International Inc.
Technology and Communications-Staff/Facilities,Access Control Systems,dormakaba
Technology and Communications-Staff/Facilities,Access Control Systems,Momentum Healthware
Technology and Communications-Staff/Facilities,Access Control Systems,Salto Systems
Technology and Communications-Staff/Facilities,"Communications Equipment, Wireless",TekTone Healthcare Communications
Technology and Communications-Staff/Facilities,Emergency Response Systems,Momentum Healthware
Technology and Communications-Staff/Facilities,Emergency Response Systems,Systems Technologies
Technology and Communications-Staff/Facilities,Emergency Response Systems,TekTone Healthcare Communications
Technology and Communications-Staff/Facilities,Security Systems & Products,dormakaba
Technology and Communications-Staff/Facilities,Security Systems & Products,Global Safe Corp.
Technology and Communications-Staff/Facilities,Security Systems & Products,Salto Systems
Technology and Communications-Staff/Facilities,Software,Dementia Care Specialists
Technology and Communications-Staff/Facilities,"Workstations, Computer",Carstens Inc.
Technology and Communications-Staff/Facilities,"Workstations, Computer",Midmark
Technology and Communications-Staff/Facilities,"Workstations, Computer",Titan Global Distribution
Technology and Communications-Staff/Facilities,"Workstations, Wall-Mounted",Carstens Inc.
Technology and Communications-Staff/Facilities,"Workstations, Wall-Mounted",INNERFACE Architectural Signage
Technology and Communications-Staff/Facilities,"Workstations, Wall-Mounted",Midmark
Training/Education,Education,Dementia Care Specialists
Window Treatments,Curtains/Drapes,Carnegie
Window Treatments,Curtains/Drapes,Inpro
Window Treatments,Curtains/Drapes,MAG Resources LLC
Window Treatments,Window Coverings,BB Commercial Solutions
Window Treatments,Window Coverings,eight twenty 8 DESIGN LLC
Window Treatments,Window Coverings,Fabricut Contract
Window Treatments,Window Coverings,MAG Resources LLC
Window Treatments,Window Coverings,RMP Associates Inc.
Window Treatments,Window Coverings,Standard Textile
